date,rainfall_mm
2010-01-01,0.36
2010-01-02,1.46
2010-01-03,0.18
2010-01-04,2.86
2010-01-05,4.27
2010-01-06,0.49
2010-01-07,5.27
2010-01-08,3.76
2010-01-09,0.45
2010-01-10,1.95
2010-01-11,0.46
2010-01-12,1.91
2010-01-13,2.2
2010-01-14,8.53
2010-01-15,0.75
2010-01-16,0.31
2010-01-17,2.28
2010-01-18,8.96
2010-01-19,1.84
2010-01-20,3.26
2010-01-21,0.03
2010-01-22,4.34
2010-01-23,7.41
2010-01-24,1.73
2010-01-25,3.95
2010-01-26,6.48
2010-01-27,4.18
2010-01-28,11.02
2010-01-29,10.36
2010-01-30,9.26
2010-01-31,3.18
2010-02-01,4.22
2010-02-02,1.12
2010-02-03,2.33
2010-02-04,1.82
2010-02-05,2.0
2010-02-06,7.27
2010-02-07,4.83
2010-02-08,10.79
2010-02-09,2.82
2010-02-10,2.35
2010-02-11,0.5
2010-02-12,5.51
2010-02-13,0.69
2010-02-14,5.13
2010-02-15,2.41
2010-02-16,4.76
2010-02-17,0.04
2010-02-18,0.97
2010-02-19,5.15
2010-02-20,6.41
2010-02-21,5.77
2010-02-22,1.1
2010-02-23,3.49
2010-02-24,2.4
2010-02-25,8.35
2010-02-26,1.89
2010-02-27,4.46
2010-02-28,2.59
2010-03-01,0.93
2010-03-02,5.66
2010-03-03,2.46
2010-03-04,6.34
2010-03-05,6.5
2010-03-06,0.66
2010-03-07,7.4
2010-03-08,3.48
2010-03-09,6.86
2010-03-10,7.69
2010-03-11,1.58
2010-03-12,2.37
2010-03-13,3.91
2010-03-14,2.9
2010-03-15,3.13
2010-03-16,4.63
2010-03-17,2.28
2010-03-18,2.93
2010-03-19,0.97
2010-03-20,0.49
2010-03-21,6.25
2010-03-22,4.2
2010-03-23,4.77
2010-03-24,0.07
2010-03-25,3.43
2010-03-26,4.42
2010-03-27,3.49
2010-03-28,0.34
2010-03-29,2.91
2010-03-30,5.88
2010-03-31,5.44
2010-04-01,5.83
2010-04-02,0.29
2010-04-03,0.4
2010-04-04,5.65
2010-04-05,1.4
2010-04-06,4.56
2010-04-07,6.33
2010-04-08,2.94
2010-04-09,1.87
2010-04-10,6.03
2010-04-11,1.45
2010-04-12,0.34
2010-04-13,0.51
2010-04-14,3.45
2010-04-15,3.84
2010-04-16,4.77
2010-04-17,10.82
2010-04-18,4.48
2010-04-19,6.9
2010-04-20,2.99
2010-04-21,4.87
2010-04-22,4.77
2010-04-23,2.22
2010-04-24,2.31
2010-04-25,10.0
2010-04-26,1.31
2010-04-27,5.54
2010-04-28,2.85
2010-04-29,1.37
2010-04-30,7.1
2010-05-01,2.14
2010-05-02,3.51
2010-05-03,0.25
2010-05-04,2.76
2010-05-05,0.24
2010-05-06,0.39
2010-05-07,3.37
2010-05-08,3.37
2010-05-09,10.46
2010-05-10,7.82
2010-05-11,6.4
2010-05-12,8.45
2010-05-13,1.78
2010-05-14,4.81
2010-05-15,5.04
2010-05-16,1.83
2010-05-17,6.39
2010-05-18,1.47
2010-05-19,0.69
2010-05-20,2.76
2010-05-21,5.9
2010-05-22,2.81
2010-05-23,10.36
2010-05-24,3.49
2010-05-25,9.1
2010-05-26,3.34
2010-05-27,2.16
2010-05-28,3.18
2010-05-29,7.51
2010-05-30,3.47
2010-05-31,1.89
2010-06-01,38.9
2010-06-02,0.38
2010-06-03,65.12
2010-06-04,32.22
2010-06-05,28.11
2010-06-06,14.58
2010-06-07,33.06
2010-06-08,13.86
2010-06-09,33.72
2010-06-10,19.47
2010-06-11,19.37
2010-06-12,26.43
2010-06-13,28.62
2010-06-14,12.77
2010-06-15,18.56
2010-06-16,10.58
2010-06-17,19.98
2010-06-18,33.06
2010-06-19,41.8
2010-06-20,19.88
2010-06-21,15.64
2010-06-22,24.24
2010-06-23,27.25
2010-06-24,37.01
2010-06-25,29.8
2010-06-26,18.01
2010-06-27,34.47
2010-06-28,10.72
2010-06-29,11.99
2010-06-30,13.89
2010-07-01,25.86
2010-07-02,24.93
2010-07-03,31.34
2010-07-04,4.34
2010-07-05,3.66
2010-07-06,19.64
2010-07-07,30.57
2010-07-08,21.91
2010-07-09,19.63
2010-07-10,15.19
2010-07-11,13.19
2010-07-12,52.84
2010-07-13,50.24
2010-07-14,4.92
2010-07-15,37.25
2010-07-16,25.75
2010-07-17,33.66
2010-07-18,48.55
2010-07-19,19.87
2010-07-20,29.42
2010-07-21,48.37
2010-07-22,30.71
2010-07-23,28.03
2010-07-24,26.19
2010-07-25,43.62
2010-07-26,33.24
2010-07-27,24.04
2010-07-28,22.57
2010-07-29,6.07
2010-07-30,18.27
2010-07-31,37.13
2010-08-01,10.94
2010-08-02,25.69
2010-08-03,51.22
2010-08-04,19.25
2010-08-05,13.91
2010-08-06,44.88
2010-08-07,31.27
2010-08-08,12.61
2010-08-09,32.2
2010-08-10,1.03
2010-08-11,33.3
2010-08-12,37.88
2010-08-13,12.79
2010-08-14,16.15
2010-08-15,19.75
2010-08-16,35.5
2010-08-17,47.5
2010-08-18,17.84
2010-08-19,12.77
2010-08-20,35.24
2010-08-21,10.53
2010-08-22,37.89
2010-08-23,39.57
2010-08-24,5.89
2010-08-25,33.37
2010-08-26,31.47
2010-08-27,24.57
2010-08-28,25.43
2010-08-29,41.62
2010-08-30,8.58
2010-08-31,4.62
2010-09-01,21.01
2010-09-02,5.07
2010-09-03,11.59
2010-09-04,18.53
2010-09-05,10.34
2010-09-06,11.38
2010-09-07,39.74
2010-09-08,55.19
2010-09-09,36.18
2010-09-10,20.76
2010-09-11,44.2
2010-09-12,11.99
2010-09-13,29.86
2010-09-14,32.57
2010-09-15,0.71
2010-09-16,31.18
2010-09-17,25.83
2010-09-18,38.46
2010-09-19,31.16
2010-09-20,25.92
2010-09-21,30.91
2010-09-22,2.54
2010-09-23,49.66
2010-09-24,5.29
2010-09-25,0.11
2010-09-26,34.13
2010-09-27,28.16
2010-09-28,34.62
2010-09-29,44.4
2010-09-30,27.24
2010-10-01,2.1
2010-10-02,0.03
2010-10-03,5.54
2010-10-04,4.78
2010-10-05,0.54
2010-10-06,1.72
2010-10-07,2.6
2010-10-08,1.41
2010-10-09,0.49
2010-10-10,1.59
2010-10-11,5.35
2010-10-12,5.7
2010-10-13,2.85
2010-10-14,0.52
2010-10-15,3.47
2010-10-16,8.24
2010-10-17,2.7
2010-10-18,4.07
2010-10-19,2.51
2010-10-20,4.13
2010-10-21,2.53
2010-10-22,4.16
2010-10-23,8.05
2010-10-24,5.96
2010-10-25,1.88
2010-10-26,0.18
2010-10-27,1.38
2010-10-28,5.9
2010-10-29,0.83
2010-10-30,0.21
2010-10-31,0.76
2010-11-01,0.58
2010-11-02,1.09
2010-11-03,0.96
2010-11-04,1.22
2010-11-05,0.69
2010-11-06,9.5
2010-11-07,1.02
2010-11-08,0.89
2010-11-09,6.73
2010-11-10,3.48
2010-11-11,6.19
2010-11-12,4.44
2010-11-13,4.52
2010-11-14,2.08
2010-11-15,8.48
2010-11-16,2.39
2010-11-17,2.85
2010-11-18,2.87
2010-11-19,1.44
2010-11-20,6.38
2010-11-21,3.69
2010-11-22,2.6
2010-11-23,0.36
2010-11-24,4.01
2010-11-25,10.5
2010-11-26,0.84
2010-11-27,3.69
2010-11-28,4.17
2010-11-29,6.3
2010-11-30,0.6
2010-12-01,6.64
2010-12-02,7.92
2010-12-03,0.95
2010-12-04,2.81
2010-12-05,6.37
2010-12-06,4.26
2010-12-07,2.32
2010-12-08,3.05
2010-12-09,3.55
2010-12-10,8.54
2010-12-11,0.86
2010-12-12,2.29
2010-12-13,5.86
2010-12-14,1.07
2010-12-15,1.51
2010-12-16,4.77
2010-12-17,4.7
2010-12-18,4.06
2010-12-19,0.63
2010-12-20,9.13
2010-12-21,4.29
2010-12-22,0.29
2010-12-23,1.8
2010-12-24,6.12
2010-12-25,2.23
2010-12-26,2.6
2010-12-27,4.79
2010-12-28,2.9
2010-12-29,6.15
2010-12-30,4.73
2010-12-31,1.3
2011-01-01,0.7
2011-01-02,2.61
2011-01-03,6.47
2011-01-04,1.64
2011-01-05,12.0
2011-01-06,7.03
2011-01-07,2.73
2011-01-08,1.66
2011-01-09,4.62
2011-01-10,6.62
2011-01-11,1.35
2011-01-12,4.3
2011-01-13,7.08
2011-01-14,3.32
2011-01-15,2.74
2011-01-16,6.17
2011-01-17,9.39
2011-01-18,4.28
2011-01-19,1.9
2011-01-20,1.76
2011-01-21,5.18
2011-01-22,3.65
2011-01-23,4.93
2011-01-24,0.86
2011-01-25,1.39
2011-01-26,3.38
2011-01-27,0.91
2011-01-28,3.68
2011-01-29,7.48
2011-01-30,10.23
2011-01-31,7.46
2011-02-01,2.19
2011-02-02,3.74
2011-02-03,3.27
2011-02-04,5.0
2011-02-05,5.24
2011-02-06,1.98
2011-02-07,3.51
2011-02-08,1.13
2011-02-09,1.56
2011-02-10,1.2
2011-02-11,3.05
2011-02-12,5.33
2011-02-13,10.25
2011-02-14,1.9
2011-02-15,0.03
2011-02-16,0.74
2011-02-17,11.59
2011-02-18,2.43
2011-02-19,1.14
2011-02-20,2.6
2011-02-21,5.07
2011-02-22,5.43
2011-02-23,0.87
2011-02-24,0.93
2011-02-25,2.56
2011-02-26,3.55
2011-02-27,3.62
2011-02-28,6.57
2011-03-01,1.06
2011-03-02,2.09
2011-03-03,3.74
2011-03-04,0.67
2011-03-05,0.01
2011-03-06,3.14
2011-03-07,11.94
2011-03-08,0.7
2011-03-09,2.51
2011-03-10,2.6
2011-03-11,1.84
2011-03-12,2.05
2011-03-13,0.04
2011-03-14,5.31
2011-03-15,4.53
2011-03-16,1.75
2011-03-17,4.33
2011-03-18,5.28
2011-03-19,1.99
2011-03-20,1.22
2011-03-21,9.33
2011-03-22,3.21
2011-03-23,0.79
2011-03-24,0.43
2011-03-25,2.32
2011-03-26,2.16
2011-03-27,4.52
2011-03-28,3.95
2011-03-29,4.92
2011-03-30,4.24
2011-03-31,3.78
2011-04-01,3.24
2011-04-02,6.32
2011-04-03,2.59
2011-04-04,1.34
2011-04-05,10.01
2011-04-06,0.04
2011-04-07,2.66
2011-04-08,4.4
2011-04-09,1.32
2011-04-10,3.39
2011-04-11,0.3
2011-04-12,0.25
2011-04-13,3.51
2011-04-14,3.49
2011-04-15,0.27
2011-04-16,1.26
2011-04-17,3.21
2011-04-18,5.49
2011-04-19,0.1
2011-04-20,2.85
2011-04-21,5.46
2011-04-22,0.38
2011-04-23,6.59
2011-04-24,6.65
2011-04-25,7.17
2011-04-26,0.52
2011-04-27,6.91
2011-04-28,4.81
2011-04-29,1.9
2011-04-30,4.07
2011-05-01,1.75
2011-05-02,1.82
2011-05-03,3.31
2011-05-04,3.09
2011-05-05,0.88
2011-05-06,3.05
2011-05-07,6.17
2011-05-08,6.76
2011-05-09,6.82
2011-05-10,1.88
2011-05-11,1.49
2011-05-12,5.23
2011-05-13,3.67
2011-05-14,3.56
2011-05-15,2.77
2011-05-16,5.32
2011-05-17,3.17
2011-05-18,0.28
2011-05-19,0.07
2011-05-20,1.66
2011-05-21,1.39
2011-05-22,6.59
2011-05-23,2.35
2011-05-24,4.45
2011-05-25,1.46
2011-05-26,3.85
2011-05-27,0.43
2011-05-28,3.33
2011-05-29,4.09
2011-05-30,3.48
2011-05-31,3.95
2011-06-01,23.8
2011-06-02,16.07
2011-06-03,19.06
2011-06-04,13.78
2011-06-05,30.85
2011-06-06,16.86
2011-06-07,21.14
2011-06-08,11.96
2011-06-09,28.4
2011-06-10,13.48
2011-06-11,24.38
2011-06-12,46.4
2011-06-13,38.72
2011-06-14,33.23
2011-06-15,13.53
2011-06-16,4.26
2011-06-17,12.92
2011-06-18,15.55
2011-06-19,10.49
2011-06-20,9.89
2011-06-21,0.02
2011-06-22,9.73
2011-06-23,31.6
2011-06-24,15.11
2011-06-25,33.58
2011-06-26,33.72
2011-06-27,18.01
2011-06-28,15.17
2011-06-29,29.22
2011-06-30,11.99
2011-07-01,34.58
2011-07-02,10.41
2011-07-03,14.56
2011-07-04,14.01
2011-07-05,4.64
2011-07-06,2.27
2011-07-07,7.06
2011-07-08,23.44
2011-07-09,13.47
2011-07-10,22.74
2011-07-11,30.82
2011-07-12,13.6
2011-07-13,36.78
2011-07-14,15.5
2011-07-15,4.95
2011-07-16,19.38
2011-07-17,40.54
2011-07-18,12.81
2011-07-19,24.08
2011-07-20,33.13
2011-07-21,28.92
2011-07-22,23.27
2011-07-23,26.97
2011-07-24,16.18
2011-07-25,9.2
2011-07-26,11.07
2011-07-27,41.67
2011-07-28,48.92
2011-07-29,1.97
2011-07-30,9.36
2011-07-31,30.25
2011-08-01,24.33
2011-08-02,11.49
2011-08-03,18.91
2011-08-04,5.71
2011-08-05,0.63
2011-08-06,5.57
2011-08-07,5.16
2011-08-08,3.73
2011-08-09,15.96
2011-08-10,16.31
2011-08-11,25.88
2011-08-12,1.57
2011-08-13,11.87
2011-08-14,24.77
2011-08-15,39.53
2011-08-16,30.05
2011-08-17,27.82
2011-08-18,30.83
2011-08-19,31.45
2011-08-20,4.24
2011-08-21,24.83
2011-08-22,52.21
2011-08-23,20.11
2011-08-24,1.69
2011-08-25,5.51
2011-08-26,1.64
2011-08-27,11.04
2011-08-28,17.81
2011-08-29,25.43
2011-08-30,28.55
2011-08-31,18.71
2011-09-01,10.24
2011-09-02,43.79
2011-09-03,5.02
2011-09-04,11.73
2011-09-05,16.45
2011-09-06,46.71
2011-09-07,35.85
2011-09-08,24.34
2011-09-09,14.47
2011-09-10,10.61
2011-09-11,11.88
2011-09-12,37.86
2011-09-13,6.51
2011-09-14,56.87
2011-09-15,24.66
2011-09-16,7.38
2011-09-17,34.72
2011-09-18,35.25
2011-09-19,33.28
2011-09-20,18.86
2011-09-21,5.6
2011-09-22,22.02
2011-09-23,29.9
2011-09-24,34.91
2011-09-25,2.09
2011-09-26,31.99
2011-09-27,31.36
2011-09-28,41.04
2011-09-29,41.24
2011-09-30,11.31
2011-10-01,6.99
2011-10-02,4.33
2011-10-03,8.43
2011-10-04,10.2
2011-10-05,0.22
2011-10-06,1.02
2011-10-07,1.64
2011-10-08,4.41
2011-10-09,2.34
2011-10-10,0.33
2011-10-11,2.74
2011-10-12,4.45
2011-10-13,7.06
2011-10-14,1.73
2011-10-15,1.01
2011-10-16,4.61
2011-10-17,1.25
2011-10-18,10.23
2011-10-19,3.67
2011-10-20,2.28
2011-10-21,1.82
2011-10-22,6.18
2011-10-23,0.58
2011-10-24,5.92
2011-10-25,2.9
2011-10-26,2.61
2011-10-27,1.94
2011-10-28,0.64
2011-10-29,2.48
2011-10-30,5.53
2011-10-31,3.04
2011-11-01,4.8
2011-11-02,9.01
2011-11-03,6.2
2011-11-04,8.77
2011-11-05,3.58
2011-11-06,1.81
2011-11-07,4.34
2011-11-08,0.1
2011-11-09,8.25
2011-11-10,3.12
2011-11-11,1.68
2011-11-12,4.23
2011-11-13,3.55
2011-11-14,7.09
2011-11-15,2.15
2011-11-16,5.03
2011-11-17,0.42
2011-11-18,1.72
2011-11-19,5.42
2011-11-20,0.2
2011-11-21,1.14
2011-11-22,4.04
2011-11-23,1.94
2011-11-24,1.13
2011-11-25,7.07
2011-11-26,3.75
2011-11-27,0.15
2011-11-28,4.41
2011-11-29,3.15
2011-11-30,8.06
2011-12-01,2.96
2011-12-02,0.66
2011-12-03,3.33
2011-12-04,0.78
2011-12-05,2.55
2011-12-06,1.86
2011-12-07,0.08
2011-12-08,7.16
2011-12-09,3.29
2011-12-10,0.15
2011-12-11,1.56
2011-12-12,0.75
2011-12-13,2.32
2011-12-14,1.06
2011-12-15,2.83
2011-12-16,4.34
2011-12-17,1.4
2011-12-18,8.07
2011-12-19,1.62
2011-12-20,4.22
2011-12-21,2.71
2011-12-22,0.93
2011-12-23,1.8
2011-12-24,4.13
2011-12-25,1.0
2011-12-26,4.75
2011-12-27,4.17
2011-12-28,3.29
2011-12-29,1.14
2011-12-30,6.05
2011-12-31,6.05
2012-01-01,5.49
2012-01-02,4.28
2012-01-03,1.34
2012-01-04,1.69
2012-01-05,2.86
2012-01-06,0.69
2012-01-07,3.14
2012-01-08,1.48
2012-01-09,1.88
2012-01-10,1.39
2012-01-11,7.84
2012-01-12,3.32
2012-01-13,6.31
2012-01-14,2.38
2012-01-15,0.73
2012-01-16,5.84
2012-01-17,3.35
2012-01-18,2.32
2012-01-19,3.75
2012-01-20,4.47
2012-01-21,5.09
2012-01-22,2.92
2012-01-23,6.1
2012-01-24,6.92
2012-01-25,4.27
2012-01-26,5.2
2012-01-27,1.0
2012-01-28,1.64
2012-01-29,1.7
2012-01-30,4.5
2012-01-31,3.8
2012-02-01,5.07
2012-02-02,10.82
2012-02-03,3.09
2012-02-04,10.6
2012-02-05,1.55
2012-02-06,6.03
2012-02-07,7.68
2012-02-08,3.93
2012-02-09,4.98
2012-02-10,5.11
2012-02-11,5.45
2012-02-12,3.1
2012-02-13,5.61
2012-02-14,0.48
2012-02-15,4.09
2012-02-16,6.06
2012-02-17,5.87
2012-02-18,2.12
2012-02-19,0.33
2012-02-20,2.76
2012-02-21,2.48
2012-02-22,1.97
2012-02-23,9.43
2012-02-24,2.08
2012-02-25,14.71
2012-02-26,7.25
2012-02-27,2.73
2012-02-28,4.72
2012-02-29,2.61
2012-03-01,5.5
2012-03-02,2.12
2012-03-03,0.71
2012-03-04,1.64
2012-03-05,5.48
2012-03-06,1.04
2012-03-07,2.64
2012-03-08,6.17
2012-03-09,3.24
2012-03-10,4.17
2012-03-11,2.63
2012-03-12,1.35
2012-03-13,0.78
2012-03-14,3.7
2012-03-15,7.13
2012-03-16,0.87
2012-03-17,1.96
2012-03-18,2.44
2012-03-19,2.08
2012-03-20,5.69
2012-03-21,1.86
2012-03-22,3.3
2012-03-23,7.26
2012-03-24,4.1
2012-03-25,5.3
2012-03-26,1.94
2012-03-27,4.82
2012-03-28,5.06
2012-03-29,3.61
2012-03-30,0.22
2012-03-31,6.57
2012-04-01,3.21
2012-04-02,4.33
2012-04-03,11.92
2012-04-04,2.35
2012-04-05,0.99
2012-04-06,2.17
2012-04-07,3.58
2012-04-08,3.25
2012-04-09,2.46
2012-04-10,5.29
2012-04-11,3.87
2012-04-12,3.86
2012-04-13,5.99
2012-04-14,1.28
2012-04-15,1.8
2012-04-16,7.38
2012-04-17,0.89
2012-04-18,0.14
2012-04-19,7.41
2012-04-20,3.92
2012-04-21,2.61
2012-04-22,3.86
2012-04-23,3.6
2012-04-24,1.61
2012-04-25,2.63
2012-04-26,1.94
2012-04-27,0.81
2012-04-28,2.47
2012-04-29,0.7
2012-04-30,4.2
2012-05-01,7.49
2012-05-02,4.45
2012-05-03,8.85
2012-05-04,0.43
2012-05-05,1.2
2012-05-06,2.18
2012-05-07,5.17
2012-05-08,6.61
2012-05-09,2.33
2012-05-10,4.23
2012-05-11,3.68
2012-05-12,7.52
2012-05-13,1.52
2012-05-14,1.95
2012-05-15,8.72
2012-05-16,7.09
2012-05-17,4.78
2012-05-18,4.19
2012-05-19,2.78
2012-05-20,3.39
2012-05-21,6.59
2012-05-22,7.03
2012-05-23,3.64
2012-05-24,1.98
2012-05-25,0.09
2012-05-26,3.95
2012-05-27,4.19
2012-05-28,2.11
2012-05-29,0.3
2012-05-30,0.72
2012-05-31,2.96
2012-06-01,21.58
2012-06-02,50.44
2012-06-03,2.8
2012-06-04,20.59
2012-06-05,22.36
2012-06-06,68.85
2012-06-07,21.96
2012-06-08,23.16
2012-06-09,9.43
2012-06-10,13.61
2012-06-11,15.46
2012-06-12,9.81
2012-06-13,2.91
2012-06-14,29.35
2012-06-15,5.27
2012-06-16,7.92
2012-06-17,31.77
2012-06-18,17.63
2012-06-19,8.41
2012-06-20,7.41
2012-06-21,10.09
2012-06-22,24.68
2012-06-23,20.06
2012-06-24,15.99
2012-06-25,34.34
2012-06-26,8.06
2012-06-27,41.0
2012-06-28,50.0
2012-06-29,7.34
2012-06-30,20.0
2012-07-01,18.18
2012-07-02,38.46
2012-07-03,3.13
2012-07-04,46.02
2012-07-05,62.24
2012-07-06,14.16
2012-07-07,28.64
2012-07-08,16.76
2012-07-09,12.7
2012-07-10,15.03
2012-07-11,24.73
2012-07-12,18.0
2012-07-13,5.63
2012-07-14,18.88
2012-07-15,9.67
2012-07-16,24.62
2012-07-17,36.81
2012-07-18,36.1
2012-07-19,11.31
2012-07-20,4.39
2012-07-21,17.72
2012-07-22,14.77
2012-07-23,21.34
2012-07-24,4.78
2012-07-25,3.57
2012-07-26,12.73
2012-07-27,34.71
2012-07-28,9.78
2012-07-29,12.02
2012-07-30,29.51
2012-07-31,6.81
2012-08-01,16.35
2012-08-02,14.14
2012-08-03,21.32
2012-08-04,28.7
2012-08-05,1.37
2012-08-06,20.41
2012-08-07,17.29
2012-08-08,37.81
2012-08-09,18.67
2012-08-10,4.2
2012-08-11,39.76
2012-08-12,25.4
2012-08-13,29.06
2012-08-14,45.93
2012-08-15,16.05
2012-08-16,31.5
2012-08-17,38.52
2012-08-18,28.39
2012-08-19,17.39
2012-08-20,28.19
2012-08-21,30.8
2012-08-22,32.86
2012-08-23,9.55
2012-08-24,31.5
2012-08-25,8.39
2012-08-26,50.09
2012-08-27,29.99
2012-08-28,26.65
2012-08-29,20.02
2012-08-30,33.91
2012-08-31,24.23
2012-09-01,2.23
2012-09-02,7.65
2012-09-03,19.44
2012-09-04,15.34
2012-09-05,6.27
2012-09-06,28.11
2012-09-07,3.29
2012-09-08,28.21
2012-09-09,17.37
2012-09-10,1.73
2012-09-11,1.7
2012-09-12,34.21
2012-09-13,37.28
2012-09-14,18.4
2012-09-15,29.44
2012-09-16,27.38
2012-09-17,29.47
2012-09-18,29.12
2012-09-19,22.9
2012-09-20,33.33
2012-09-21,46.55
2012-09-22,32.44
2012-09-23,9.84
2012-09-24,14.25
2012-09-25,5.53
2012-09-26,30.43
2012-09-27,12.32
2012-09-28,20.21
2012-09-29,11.98
2012-09-30,5.61
2012-10-01,2.53
2012-10-02,1.91
2012-10-03,3.52
2012-10-04,3.93
2012-10-05,2.7
2012-10-06,4.72
2012-10-07,0.07
2012-10-08,4.69
2012-10-09,0.85
2012-10-10,1.42
2012-10-11,7.17
2012-10-12,1.15
2012-10-13,5.35
2012-10-14,0.09
2012-10-15,0.72
2012-10-16,2.1
2012-10-17,3.4
2012-10-18,3.31
2012-10-19,1.1
2012-10-20,4.41
2012-10-21,5.35
2012-10-22,3.75
2012-10-23,6.95
2012-10-24,3.14
2012-10-25,3.6
2012-10-26,0.82
2012-10-27,2.62
2012-10-28,8.5
2012-10-29,6.56
2012-10-30,3.91
2012-10-31,3.13
2012-11-01,3.18
2012-11-02,11.09
2012-11-03,7.23
2012-11-04,2.19
2012-11-05,8.09
2012-11-06,0.12
2012-11-07,3.15
2012-11-08,3.68
2012-11-09,3.77
2012-11-10,1.41
2012-11-11,4.37
2012-11-12,0.67
2012-11-13,0.41
2012-11-14,4.69
2012-11-15,3.72
2012-11-16,4.58
2012-11-17,1.9
2012-11-18,1.57
2012-11-19,2.17
2012-11-20,2.37
2012-11-21,0.87
2012-11-22,1.62
2012-11-23,3.74
2012-11-24,2.13
2012-11-25,10.53
2012-11-26,0.25
2012-11-27,1.68
2012-11-28,1.6
2012-11-29,1.07
2012-11-30,0.73
2012-12-01,5.35
2012-12-02,2.68
2012-12-03,2.02
2012-12-04,1.04
2012-12-05,1.35
2012-12-06,3.39
2012-12-07,3.12
2012-12-08,2.67
2012-12-09,7.66
2012-12-10,8.94
2012-12-11,2.27
2012-12-12,2.59
2012-12-13,1.52
2012-12-14,10.43
2012-12-15,1.19
2012-12-16,4.06
2012-12-17,0.23
2012-12-18,7.62
2012-12-19,7.23
2012-12-20,3.04
2012-12-21,6.72
2012-12-22,4.21
2012-12-23,1.56
2012-12-24,2.94
2012-12-25,0.61
2012-12-26,6.26
2012-12-27,5.69
2012-12-28,1.56
2012-12-29,5.91
2012-12-30,0.12
2012-12-31,8.56
2013-01-01,2.26
2013-01-02,6.1
2013-01-03,7.58
2013-01-04,4.17
2013-01-05,0.48
2013-01-06,5.31
2013-01-07,5.69
2013-01-08,2.53
2013-01-09,0.26
2013-01-10,7.39
2013-01-11,3.27
2013-01-12,3.07
2013-01-13,3.48
2013-01-14,6.73
2013-01-15,3.58
2013-01-16,1.34
2013-01-17,1.76
2013-01-18,3.74
2013-01-19,0.39
2013-01-20,2.6
2013-01-21,4.91
2013-01-22,2.63
2013-01-23,6.67
2013-01-24,0.55
2013-01-25,2.49
2013-01-26,2.11
2013-01-27,1.37
2013-01-28,5.98
2013-01-29,1.64
2013-01-30,9.02
2013-01-31,0.6
2013-02-01,3.23
2013-02-02,11.24
2013-02-03,1.13
2013-02-04,5.79
2013-02-05,7.5
2013-02-06,1.77
2013-02-07,3.69
2013-02-08,3.34
2013-02-09,5.76
2013-02-10,5.04
2013-02-11,6.53
2013-02-12,5.68
2013-02-13,1.39
2013-02-14,1.64
2013-02-15,10.28
2013-02-16,3.99
2013-02-17,0.96
2013-02-18,4.87
2013-02-19,2.09
2013-02-20,10.82
2013-02-21,5.3
2013-02-22,4.45
2013-02-23,2.43
2013-02-24,2.84
2013-02-25,7.56
2013-02-26,1.87
2013-02-27,3.14
2013-02-28,2.48
2013-03-01,9.53
2013-03-02,10.97
2013-03-03,1.8
2013-03-04,11.0
2013-03-05,3.31
2013-03-06,4.13
2013-03-07,11.47
2013-03-08,0.69
2013-03-09,5.66
2013-03-10,6.14
2013-03-11,5.23
2013-03-12,0.36
2013-03-13,0.83
2013-03-14,6.23
2013-03-15,2.06
2013-03-16,2.43
2013-03-17,2.65
2013-03-18,3.11
2013-03-19,4.88
2013-03-20,4.79
2013-03-21,1.74
2013-03-22,5.35
2013-03-23,0.55
2013-03-24,7.43
2013-03-25,1.09
2013-03-26,1.81
2013-03-27,6.42
2013-03-28,2.26
2013-03-29,4.77
2013-03-30,1.97
2013-03-31,3.49
2013-04-01,3.48
2013-04-02,3.13
2013-04-03,1.63
2013-04-04,5.46
2013-04-05,6.04
2013-04-06,0.26
2013-04-07,2.18
2013-04-08,2.59
2013-04-09,4.96
2013-04-10,6.43
2013-04-11,6.54
2013-04-12,2.38
2013-04-13,1.42
2013-04-14,0.17
2013-04-15,3.53
2013-04-16,6.26
2013-04-17,1.99
2013-04-18,9.7
2013-04-19,3.09
2013-04-20,10.74
2013-04-21,4.85
2013-04-22,4.77
2013-04-23,4.87
2013-04-24,1.0
2013-04-25,3.58
2013-04-26,4.52
2013-04-27,1.98
2013-04-28,10.61
2013-04-29,7.42
2013-04-30,4.01
2013-05-01,5.93
2013-05-02,4.39
2013-05-03,1.48
2013-05-04,0.34
2013-05-05,5.43
2013-05-06,6.01
2013-05-07,0.96
2013-05-08,5.49
2013-05-09,3.93
2013-05-10,4.43
2013-05-11,3.9
2013-05-12,1.3
2013-05-13,1.23
2013-05-14,0.98
2013-05-15,3.75
2013-05-16,4.96
2013-05-17,3.06
2013-05-18,8.59
2013-05-19,7.18
2013-05-20,3.99
2013-05-21,1.42
2013-05-22,0.13
2013-05-23,7.47
2013-05-24,4.52
2013-05-25,2.8
2013-05-26,0.77
2013-05-27,0.11
2013-05-28,6.36
2013-05-29,2.09
2013-05-30,0.03
2013-05-31,5.0
2013-06-01,28.16
2013-06-02,25.56
2013-06-03,17.02
2013-06-04,18.66
2013-06-05,9.16
2013-06-06,11.51
2013-06-07,6.73
2013-06-08,45.1
2013-06-09,14.96
2013-06-10,9.97
2013-06-11,3.45
2013-06-12,9.3
2013-06-13,23.31
2013-06-14,15.54
2013-06-15,43.55
2013-06-16,45.02
2013-06-17,8.67
2013-06-18,23.86
2013-06-19,46.46
2013-06-20,6.39
2013-06-21,17.17
2013-06-22,23.0
2013-06-23,18.56
2013-06-24,46.96
2013-06-25,5.41
2013-06-26,50.13
2013-06-27,35.31
2013-06-28,18.47
2013-06-29,20.39
2013-06-30,7.5
2013-07-01,49.15
2013-07-02,35.31
2013-07-03,32.29
2013-07-04,9.4
2013-07-05,29.23
2013-07-06,20.33
2013-07-07,25.98
2013-07-08,33.28
2013-07-09,22.5
2013-07-10,32.21
2013-07-11,30.54
2013-07-12,24.21
2013-07-13,31.04
2013-07-14,29.47
2013-07-15,3.69
2013-07-16,21.18
2013-07-17,15.41
2013-07-18,15.28
2013-07-19,3.54
2013-07-20,32.1
2013-07-21,29.87
2013-07-22,32.6
2013-07-23,30.48
2013-07-24,25.36
2013-07-25,37.2
2013-07-26,14.77
2013-07-27,23.62
2013-07-28,3.99
2013-07-29,27.92
2013-07-30,15.62
2013-07-31,38.01
2013-08-01,11.11
2013-08-02,12.31
2013-08-03,29.36
2013-08-04,8.5
2013-08-05,12.6
2013-08-06,5.66
2013-08-07,14.15
2013-08-08,13.38
2013-08-09,2.16
2013-08-10,16.83
2013-08-11,4.15
2013-08-12,9.69
2013-08-13,31.93
2013-08-14,34.79
2013-08-15,8.41
2013-08-16,45.5
2013-08-17,17.38
2013-08-18,22.46
2013-08-19,21.92
2013-08-20,17.89
2013-08-21,17.43
2013-08-22,47.93
2013-08-23,14.42
2013-08-24,19.44
2013-08-25,40.94
2013-08-26,16.05
2013-08-27,16.23
2013-08-28,42.44
2013-08-29,0.99
2013-08-30,33.05
2013-08-31,16.88
2013-09-01,17.0
2013-09-02,1.41
2013-09-03,11.72
2013-09-04,32.87
2013-09-05,5.74
2013-09-06,1.7
2013-09-07,1.49
2013-09-08,19.36
2013-09-09,21.75
2013-09-10,18.59
2013-09-11,19.22
2013-09-12,15.76
2013-09-13,31.92
2013-09-14,26.19
2013-09-15,10.72
2013-09-16,45.55
2013-09-17,19.94
2013-09-18,21.53
2013-09-19,34.65
2013-09-20,0.19
2013-09-21,5.01
2013-09-22,5.18
2013-09-23,26.9
2013-09-24,29.24
2013-09-25,55.02
2013-09-26,18.86
2013-09-27,28.07
2013-09-28,4.86
2013-09-29,51.67
2013-09-30,16.24
2013-10-01,6.22
2013-10-02,4.68
2013-10-03,0.98
2013-10-04,1.34
2013-10-05,5.87
2013-10-06,3.26
2013-10-07,4.89
2013-10-08,5.84
2013-10-09,3.43
2013-10-10,1.83
2013-10-11,2.12
2013-10-12,0.63
2013-10-13,0.42
2013-10-14,3.32
2013-10-15,2.22
2013-10-16,2.57
2013-10-17,3.27
2013-10-18,4.3
2013-10-19,4.68
2013-10-20,1.34
2013-10-21,9.56
2013-10-22,3.02
2013-10-23,0.03
2013-10-24,3.08
2013-10-25,3.69
2013-10-26,0.02
2013-10-27,0.63
2013-10-28,2.57
2013-10-29,0.7
2013-10-30,3.25
2013-10-31,5.48
2013-11-01,2.35
2013-11-02,2.1
2013-11-03,0.95
2013-11-04,2.69
2013-11-05,5.1
2013-11-06,2.01
2013-11-07,7.37
2013-11-08,4.23
2013-11-09,5.98
2013-11-10,3.06
2013-11-11,7.84
2013-11-12,0.38
2013-11-13,5.86
2013-11-14,10.44
2013-11-15,0.18
2013-11-16,4.27
2013-11-17,1.22
2013-11-18,1.99
2013-11-19,3.15
2013-11-20,5.63
2013-11-21,7.85
2013-11-22,0.2
2013-11-23,0.06
2013-11-24,0.54
2013-11-25,0.51
2013-11-26,11.74
2013-11-27,4.67
2013-11-28,2.9
2013-11-29,1.6
2013-11-30,4.67
2013-12-01,1.84
2013-12-02,3.45
2013-12-03,4.55
2013-12-04,1.77
2013-12-05,8.84
2013-12-06,4.58
2013-12-07,5.06
2013-12-08,3.87
2013-12-09,7.06
2013-12-10,2.75
2013-12-11,5.16
2013-12-12,9.66
2013-12-13,4.18
2013-12-14,3.81
2013-12-15,0.35
2013-12-16,0.81
2013-12-17,0.52
2013-12-18,2.73
2013-12-19,1.92
2013-12-20,5.72
2013-12-21,0.63
2013-12-22,1.37
2013-12-23,11.12
2013-12-24,3.72
2013-12-25,0.65
2013-12-26,3.18
2013-12-27,9.38
2013-12-28,4.08
2013-12-29,3.57
2013-12-30,6.63
2013-12-31,1.19
2014-01-01,0.15
2014-01-02,9.04
2014-01-03,5.03
2014-01-04,4.54
2014-01-05,1.57
2014-01-06,1.83
2014-01-07,2.14
2014-01-08,2.73
2014-01-09,0.02
2014-01-10,1.69
2014-01-11,8.05
2014-01-12,1.65
2014-01-13,5.28
2014-01-14,3.8
2014-01-15,0.09
2014-01-16,9.5
2014-01-17,5.05
2014-01-18,1.38
2014-01-19,5.33
2014-01-20,0.24
2014-01-21,6.5
2014-01-22,1.56
2014-01-23,1.25
2014-01-24,1.08
2014-01-25,1.58
2014-01-26,3.04
2014-01-27,2.91
2014-01-28,1.25
2014-01-29,0.19
2014-01-30,6.21
2014-01-31,4.98
2014-02-01,2.13
2014-02-02,0.39
2014-02-03,7.84
2014-02-04,2.32
2014-02-05,3.9
2014-02-06,0.93
2014-02-07,8.37
2014-02-08,1.49
2014-02-09,8.58
2014-02-10,8.06
2014-02-11,4.68
2014-02-12,4.26
2014-02-13,1.04
2014-02-14,6.51
2014-02-15,6.82
2014-02-16,8.01
2014-02-17,9.73
2014-02-18,0.47
2014-02-19,2.48
2014-02-20,0.72
2014-02-21,7.33
2014-02-22,7.93
2014-02-23,1.62
2014-02-24,7.29
2014-02-25,3.09
2014-02-26,1.44
2014-02-27,0.11
2014-02-28,7.61
2014-03-01,2.94
2014-03-02,8.65
2014-03-03,6.43
2014-03-04,3.64
2014-03-05,4.51
2014-03-06,1.99
2014-03-07,1.7
2014-03-08,7.74
2014-03-09,1.05
2014-03-10,1.31
2014-03-11,3.51
2014-03-12,7.78
2014-03-13,4.4
2014-03-14,4.7
2014-03-15,2.6
2014-03-16,4.03
2014-03-17,7.87
2014-03-18,1.03
2014-03-19,4.72
2014-03-20,6.47
2014-03-21,4.36
2014-03-22,3.54
2014-03-23,1.91
2014-03-24,5.91
2014-03-25,9.0
2014-03-26,3.87
2014-03-27,3.74
2014-03-28,2.66
2014-03-29,1.57
2014-03-30,14.58
2014-03-31,0.79
2014-04-01,2.43
2014-04-02,3.68
2014-04-03,0.37
2014-04-04,8.26
2014-04-05,1.0
2014-04-06,1.67
2014-04-07,1.47
2014-04-08,0.42
2014-04-09,9.32
2014-04-10,8.26
2014-04-11,0.28
2014-04-12,1.44
2014-04-13,0.04
2014-04-14,1.3
2014-04-15,5.98
2014-04-16,0.06
2014-04-17,4.3
2014-04-18,0.11
2014-04-19,0.33
2014-04-20,3.68
2014-04-21,4.03
2014-04-22,3.31
2014-04-23,7.65
2014-04-24,4.11
2014-04-25,2.11
2014-04-26,1.29
2014-04-27,4.13
2014-04-28,3.26
2014-04-29,5.63
2014-04-30,2.62
2014-05-01,1.71
2014-05-02,0.21
2014-05-03,1.1
2014-05-04,0.28
2014-05-05,1.26
2014-05-06,5.84
2014-05-07,4.51
2014-05-08,1.51
2014-05-09,8.27
2014-05-10,0.91
2014-05-11,1.73
2014-05-12,4.31
2014-05-13,10.47
2014-05-14,3.71
2014-05-15,1.59
2014-05-16,1.45
2014-05-17,0.92
2014-05-18,3.68
2014-05-19,2.5
2014-05-20,2.15
2014-05-21,0.72
2014-05-22,3.7
2014-05-23,12.06
2014-05-24,0.21
2014-05-25,0.85
2014-05-26,2.12
2014-05-27,2.17
2014-05-28,2.0
2014-05-29,2.11
2014-05-30,6.14
2014-05-31,0.56
2014-06-01,43.88
2014-06-02,20.1
2014-06-03,16.43
2014-06-04,14.48
2014-06-05,36.44
2014-06-06,28.92
2014-06-07,18.99
2014-06-08,1.26
2014-06-09,24.72
2014-06-10,47.16
2014-06-11,14.07
2014-06-12,25.85
2014-06-13,23.28
2014-06-14,28.83
2014-06-15,3.39
2014-06-16,10.67
2014-06-17,16.46
2014-06-18,17.81
2014-06-19,38.84
2014-06-20,4.39
2014-06-21,14.34
2014-06-22,26.86
2014-06-23,12.02
2014-06-24,10.73
2014-06-25,1.44
2014-06-26,45.79
2014-06-27,36.8
2014-06-28,37.03
2014-06-29,45.47
2014-06-30,8.02
2014-07-01,41.26
2014-07-02,22.59
2014-07-03,44.61
2014-07-04,7.85
2014-07-05,33.26
2014-07-06,35.75
2014-07-07,38.89
2014-07-08,8.68
2014-07-09,23.79
2014-07-10,8.26
2014-07-11,5.78
2014-07-12,6.8
2014-07-13,5.59
2014-07-14,3.64
2014-07-15,13.17
2014-07-16,25.53
2014-07-17,13.12
2014-07-18,6.35
2014-07-19,9.73
2014-07-20,14.08
2014-07-21,3.35
2014-07-22,25.85
2014-07-23,14.45
2014-07-24,31.85
2014-07-25,9.72
2014-07-26,28.86
2014-07-27,19.52
2014-07-28,15.55
2014-07-29,9.31
2014-07-30,31.85
2014-07-31,36.28
2014-08-01,30.29
2014-08-02,18.7
2014-08-03,25.36
2014-08-04,12.44
2014-08-05,53.19
2014-08-06,1.88
2014-08-07,8.78
2014-08-08,36.09
2014-08-09,17.92
2014-08-10,30.61
2014-08-11,19.17
2014-08-12,5.03
2014-08-13,43.8
2014-08-14,37.3
2014-08-15,32.54
2014-08-16,7.22
2014-08-17,21.46
2014-08-18,16.41
2014-08-19,25.32
2014-08-20,37.46
2014-08-21,28.54
2014-08-22,40.86
2014-08-23,37.11
2014-08-24,7.45
2014-08-25,11.66
2014-08-26,13.3
2014-08-27,16.11
2014-08-28,1.11
2014-08-29,13.97
2014-08-30,27.74
2014-08-31,23.64
2014-09-01,19.44
2014-09-02,17.81
2014-09-03,12.28
2014-09-04,26.2
2014-09-05,12.95
2014-09-06,16.21
2014-09-07,13.45
2014-09-08,27.17
2014-09-09,1.26
2014-09-10,0.09
2014-09-11,6.05
2014-09-12,17.43
2014-09-13,30.8
2014-09-14,7.4
2014-09-15,17.95
2014-09-16,27.52
2014-09-17,26.25
2014-09-18,18.38
2014-09-19,11.5
2014-09-20,35.08
2014-09-21,27.14
2014-09-22,13.7
2014-09-23,6.38
2014-09-24,2.17
2014-09-25,8.2
2014-09-26,28.04
2014-09-27,5.01
2014-09-28,22.54
2014-09-29,38.09
2014-09-30,40.75
2014-10-01,0.08
2014-10-02,4.15
2014-10-03,3.31
2014-10-04,6.4
2014-10-05,6.69
2014-10-06,3.37
2014-10-07,2.76
2014-10-08,7.54
2014-10-09,5.06
2014-10-10,0.67
2014-10-11,3.65
2014-10-12,0.42
2014-10-13,1.3
2014-10-14,0.86
2014-10-15,1.12
2014-10-16,2.09
2014-10-17,4.81
2014-10-18,4.38
2014-10-19,8.64
2014-10-20,3.25
2014-10-21,1.34
2014-10-22,1.48
2014-10-23,5.92
2014-10-24,6.02
2014-10-25,3.17
2014-10-26,9.78
2014-10-27,7.06
2014-10-28,3.04
2014-10-29,1.23
2014-10-30,3.31
2014-10-31,0.48
2014-11-01,11.55
2014-11-02,1.86
2014-11-03,6.03
2014-11-04,3.47
2014-11-05,1.53
2014-11-06,2.54
2014-11-07,0.68
2014-11-08,4.47
2014-11-09,1.62
2014-11-10,4.47
2014-11-11,7.37
2014-11-12,7.6
2014-11-13,6.62
2014-11-14,2.86
2014-11-15,1.83
2014-11-16,6.52
2014-11-17,1.52
2014-11-18,0.34
2014-11-19,1.42
2014-11-20,0.82
2014-11-21,5.14
2014-11-22,5.51
2014-11-23,2.37
2014-11-24,2.7
2014-11-25,5.5
2014-11-26,1.11
2014-11-27,4.49
2014-11-28,4.08
2014-11-29,2.35
2014-11-30,3.45
2014-12-01,6.06
2014-12-02,6.31
2014-12-03,2.76
2014-12-04,6.31
2014-12-05,3.63
2014-12-06,4.99
2014-12-07,0.84
2014-12-08,6.99
2014-12-09,0.79
2014-12-10,1.42
2014-12-11,5.29
2014-12-12,0.5
2014-12-13,3.09
2014-12-14,7.06
2014-12-15,0.63
2014-12-16,2.84
2014-12-17,0.41
2014-12-18,4.95
2014-12-19,0.6
2014-12-20,2.98
2014-12-21,1.93
2014-12-22,5.38
2014-12-23,4.98
2014-12-24,1.92
2014-12-25,7.47
2014-12-26,0.61
2014-12-27,3.96
2014-12-28,0.05
2014-12-29,4.46
2014-12-30,5.33
2014-12-31,0.89
2015-01-01,4.36
2015-01-02,9.74
2015-01-03,0.8
2015-01-04,2.43
2015-01-05,3.81
2015-01-06,6.76
2015-01-07,3.22
2015-01-08,0.98
2015-01-09,4.36
2015-01-10,1.56
2015-01-11,2.34
2015-01-12,5.98
2015-01-13,1.85
2015-01-14,8.85
2015-01-15,3.61
2015-01-16,0.26
2015-01-17,0.07
2015-01-18,5.41
2015-01-19,2.96
2015-01-20,3.45
2015-01-21,0.28
2015-01-22,0.5
2015-01-23,4.35
2015-01-24,8.06
2015-01-25,1.41
2015-01-26,5.98
2015-01-27,1.39
2015-01-28,3.24
2015-01-29,3.53
2015-01-30,2.66
2015-01-31,0.24
2015-02-01,1.94
2015-02-02,4.85
2015-02-03,5.01
2015-02-04,1.84
2015-02-05,5.34
2015-02-06,1.47
2015-02-07,1.32
2015-02-08,6.12
2015-02-09,6.43
2015-02-10,2.08
2015-02-11,3.14
2015-02-12,6.16
2015-02-13,1.2
2015-02-14,2.67
2015-02-15,3.28
2015-02-16,5.13
2015-02-17,4.86
2015-02-18,0.01
2015-02-19,6.63
2015-02-20,0.18
2015-02-21,0.01
2015-02-22,0.56
2015-02-23,3.63
2015-02-24,2.14
2015-02-25,0.99
2015-02-26,5.42
2015-02-27,0.96
2015-02-28,7.34
2015-03-01,2.17
2015-03-02,1.75
2015-03-03,0.06
2015-03-04,0.88
2015-03-05,3.42
2015-03-06,2.83
2015-03-07,1.41
2015-03-08,6.99
2015-03-09,0.21
2015-03-10,0.42
2015-03-11,7.24
2015-03-12,3.48
2015-03-13,3.03
2015-03-14,3.1
2015-03-15,0.9
2015-03-16,1.93
2015-03-17,1.24
2015-03-18,3.86
2015-03-19,1.08
2015-03-20,3.35
2015-03-21,6.47
2015-03-22,2.45
2015-03-23,3.65
2015-03-24,6.98
2015-03-25,9.29
2015-03-26,4.55
2015-03-27,8.63
2015-03-28,5.16
2015-03-29,6.76
2015-03-30,2.44
2015-03-31,4.79
2015-04-01,0.96
2015-04-02,0.79
2015-04-03,7.87
2015-04-04,0.46
2015-04-05,7.07
2015-04-06,4.65
2015-04-07,4.43
2015-04-08,17.77
2015-04-09,10.17
2015-04-10,1.51
2015-04-11,5.8
2015-04-12,6.97
2015-04-13,0.97
2015-04-14,2.6
2015-04-15,1.14
2015-04-16,3.92
2015-04-17,2.48
2015-04-18,0.23
2015-04-19,4.69
2015-04-20,5.54
2015-04-21,2.44
2015-04-22,0.21
2015-04-23,1.13
2015-04-24,0.43
2015-04-25,4.72
2015-04-26,1.73
2015-04-27,5.65
2015-04-28,11.69
2015-04-29,1.37
2015-04-30,3.89
2015-05-01,9.4
2015-05-02,5.59
2015-05-03,3.39
2015-05-04,1.6
2015-05-05,7.78
2015-05-06,0.4
2015-05-07,0.33
2015-05-08,3.43
2015-05-09,5.36
2015-05-10,8.54
2015-05-11,2.87
2015-05-12,2.51
2015-05-13,0.96
2015-05-14,6.21
2015-05-15,0.77
2015-05-16,0.18
2015-05-17,1.63
2015-05-18,0.25
2015-05-19,1.48
2015-05-20,2.9
2015-05-21,6.19
2015-05-22,1.69
2015-05-23,0.76
2015-05-24,4.68
2015-05-25,3.21
2015-05-26,5.36
2015-05-27,3.94
2015-05-28,2.52
2015-05-29,2.17
2015-05-30,5.09
2015-05-31,0.03
2015-06-01,20.48
2015-06-02,29.63
2015-06-03,0.68
2015-06-04,28.48
2015-06-05,19.18
2015-06-06,8.19
2015-06-07,2.26
2015-06-08,36.03
2015-06-09,27.1
2015-06-10,8.28
2015-06-11,54.87
2015-06-12,29.09
2015-06-13,5.17
2015-06-14,54.12
2015-06-15,10.79
2015-06-16,21.63
2015-06-17,8.45
2015-06-18,35.47
2015-06-19,32.61
2015-06-20,8.92
2015-06-21,23.97
2015-06-22,3.1
2015-06-23,43.47
2015-06-24,16.35
2015-06-25,3.56
2015-06-26,10.33
2015-06-27,19.32
2015-06-28,39.95
2015-06-29,14.38
2015-06-30,13.15
2015-07-01,12.71
2015-07-02,33.18
2015-07-03,4.11
2015-07-04,15.88
2015-07-05,25.27
2015-07-06,19.79
2015-07-07,15.29
2015-07-08,9.19
2015-07-09,19.08
2015-07-10,18.94
2015-07-11,30.73
2015-07-12,23.38
2015-07-13,41.77
2015-07-14,45.28
2015-07-15,15.06
2015-07-16,25.51
2015-07-17,9.68
2015-07-18,26.79
2015-07-19,31.09
2015-07-20,31.54
2015-07-21,45.0
2015-07-22,28.68
2015-07-23,28.94
2015-07-24,25.02
2015-07-25,31.89
2015-07-26,11.96
2015-07-27,7.07
2015-07-28,10.46
2015-07-29,1.88
2015-07-30,34.54
2015-07-31,30.87
2015-08-01,19.2
2015-08-02,27.09
2015-08-03,2.92
2015-08-04,5.19
2015-08-05,25.21
2015-08-06,29.56
2015-08-07,38.14
2015-08-08,18.85
2015-08-09,30.11
2015-08-10,29.1
2015-08-11,35.34
2015-08-12,17.43
2015-08-13,13.6
2015-08-14,17.45
2015-08-15,4.45
2015-08-16,31.49
2015-08-17,32.94
2015-08-18,7.34
2015-08-19,23.49
2015-08-20,7.69
2015-08-21,42.12
2015-08-22,23.7
2015-08-23,29.41
2015-08-24,24.89
2015-08-25,11.56
2015-08-26,1.57
2015-08-27,32.38
2015-08-28,16.72
2015-08-29,36.17
2015-08-30,8.89
2015-08-31,16.06
2015-09-01,15.99
2015-09-02,30.09
2015-09-03,33.1
2015-09-04,29.96
2015-09-05,6.24
2015-09-06,4.51
2015-09-07,27.01
2015-09-08,39.22
2015-09-09,25.46
2015-09-10,9.29
2015-09-11,25.29
2015-09-12,8.66
2015-09-13,5.05
2015-09-14,26.01
2015-09-15,11.32
2015-09-16,25.38
2015-09-17,38.47
2015-09-18,28.36
2015-09-19,38.82
2015-09-20,16.2
2015-09-21,25.93
2015-09-22,18.51
2015-09-23,17.95
2015-09-24,23.71
2015-09-25,17.13
2015-09-26,29.61
2015-09-27,40.8
2015-09-28,30.7
2015-09-29,39.73
2015-09-30,16.76
2015-10-01,5.1
2015-10-02,0.99
2015-10-03,1.36
2015-10-04,1.98
2015-10-05,1.96
2015-10-06,2.05
2015-10-07,4.05
2015-10-08,9.37
2015-10-09,8.97
2015-10-10,1.38
2015-10-11,0.71
2015-10-12,4.65
2015-10-13,1.43
2015-10-14,5.52
2015-10-15,8.48
2015-10-16,0.67
2015-10-17,1.66
2015-10-18,5.05
2015-10-19,1.58
2015-10-20,0.96
2015-10-21,0.32
2015-10-22,2.93
2015-10-23,7.75
2015-10-24,3.31
2015-10-25,0.8
2015-10-26,1.27
2015-10-27,6.55
2015-10-28,0.28
2015-10-29,0.87
2015-10-30,0.2
2015-10-31,3.06
2015-11-01,2.27
2015-11-02,5.49
2015-11-03,1.53
2015-11-04,4.13
2015-11-05,4.51
2015-11-06,0.95
2015-11-07,3.35
2015-11-08,4.54
2015-11-09,3.35
2015-11-10,0.05
2015-11-11,4.76
2015-11-12,5.21
2015-11-13,4.83
2015-11-14,3.11
2015-11-15,0.96
2015-11-16,7.15
2015-11-17,1.06
2015-11-18,6.11
2015-11-19,0.42
2015-11-20,7.19
2015-11-21,2.99
2015-11-22,0.43
2015-11-23,0.51
2015-11-24,3.85
2015-11-25,5.08
2015-11-26,2.58
2015-11-27,4.06
2015-11-28,0.96
2015-11-29,0.62
2015-11-30,4.64
2015-12-01,4.34
2015-12-02,5.36
2015-12-03,0.3
2015-12-04,4.11
2015-12-05,4.31
2015-12-06,2.83
2015-12-07,0.1
2015-12-08,4.75
2015-12-09,8.03
2015-12-10,0.6
2015-12-11,8.14
2015-12-12,0.75
2015-12-13,4.36
2015-12-14,0.35
2015-12-15,2.93
2015-12-16,0.88
2015-12-17,2.0
2015-12-18,3.69
2015-12-19,3.59
2015-12-20,1.58
2015-12-21,2.15
2015-12-22,5.47
2015-12-23,6.66
2015-12-24,1.88
2015-12-25,3.97
2015-12-26,2.23
2015-12-27,0.17
2015-12-28,0.92
2015-12-29,9.57
2015-12-30,8.04
2015-12-31,6.81
2016-01-01,6.57
2016-01-02,3.78
2016-01-03,4.22
2016-01-04,5.21
2016-01-05,1.2
2016-01-06,6.65
2016-01-07,2.39
2016-01-08,1.1
2016-01-09,3.22
2016-01-10,2.03
2016-01-11,8.58
2016-01-12,1.12
2016-01-13,0.76
2016-01-14,2.89
2016-01-15,5.12
2016-01-16,0.39
2016-01-17,3.13
2016-01-18,1.84
2016-01-19,1.71
2016-01-20,0.08
2016-01-21,1.15
2016-01-22,3.3
2016-01-23,1.1
2016-01-24,0.05
2016-01-25,1.29
2016-01-26,1.58
2016-01-27,0.03
2016-01-28,0.88
2016-01-29,3.21
2016-01-30,4.76
2016-01-31,6.87
2016-02-01,0.95
2016-02-02,2.45
2016-02-03,3.36
2016-02-04,5.1
2016-02-05,1.77
2016-02-06,5.15
2016-02-07,4.02
2016-02-08,0.99
2016-02-09,0.06
2016-02-10,6.44
2016-02-11,3.85
2016-02-12,3.14
2016-02-13,0.65
2016-02-14,0.18
2016-02-15,0.81
2016-02-16,6.33
2016-02-17,2.73
2016-02-18,0.25
2016-02-19,7.49
2016-02-20,1.62
2016-02-21,2.42
2016-02-22,4.22
2016-02-23,7.13
2016-02-24,8.49
2016-02-25,8.61
2016-02-26,2.97
2016-02-27,2.69
2016-02-28,1.47
2016-02-29,2.2
2016-03-01,0.53
2016-03-02,1.51
2016-03-03,4.02
2016-03-04,1.94
2016-03-05,0.15
2016-03-06,6.7
2016-03-07,1.58
2016-03-08,6.81
2016-03-09,0.59
2016-03-10,2.35
2016-03-11,4.11
2016-03-12,2.13
2016-03-13,3.62
2016-03-14,2.83
2016-03-15,9.57
2016-03-16,0.28
2016-03-17,2.64
2016-03-18,0.76
2016-03-19,4.92
2016-03-20,6.06
2016-03-21,1.42
2016-03-22,2.11
2016-03-23,0.93
2016-03-24,1.09
2016-03-25,6.09
2016-03-26,1.07
2016-03-27,1.07
2016-03-28,5.29
2016-03-29,0.95
2016-03-30,8.33
2016-03-31,7.0
2016-04-01,3.78
2016-04-02,10.36
2016-04-03,9.1
2016-04-04,6.58
2016-04-05,4.66
2016-04-06,1.45
2016-04-07,0.03
2016-04-08,8.92
2016-04-09,1.24
2016-04-10,2.23
2016-04-11,3.22
2016-04-12,3.69
2016-04-13,3.13
2016-04-14,4.85
2016-04-15,7.17
2016-04-16,3.36
2016-04-17,4.48
2016-04-18,1.99
2016-04-19,0.39
2016-04-20,1.15
2016-04-21,10.14
2016-04-22,10.34
2016-04-23,1.14
2016-04-24,4.89
2016-04-25,0.38
2016-04-26,2.3
2016-04-27,6.68
2016-04-28,12.14
2016-04-29,1.4
2016-04-30,0.74
2016-05-01,5.56
2016-05-02,7.68
2016-05-03,0.66
2016-05-04,11.4
2016-05-05,5.01
2016-05-06,6.2
2016-05-07,5.31
2016-05-08,6.15
2016-05-09,7.06
2016-05-10,2.72
2016-05-11,0.75
2016-05-12,1.44
2016-05-13,4.32
2016-05-14,2.26
2016-05-15,8.72
2016-05-16,4.27
2016-05-17,1.13
2016-05-18,8.48
2016-05-19,7.11
2016-05-20,7.91
2016-05-21,2.46
2016-05-22,1.53
2016-05-23,2.15
2016-05-24,6.7
2016-05-25,0.58
2016-05-26,1.46
2016-05-27,0.79
2016-05-28,2.27
2016-05-29,0.25
2016-05-30,1.07
2016-05-31,4.61
2016-06-01,25.05
2016-06-02,44.56
2016-06-03,33.33
2016-06-04,3.81
2016-06-05,4.63
2016-06-06,16.85
2016-06-07,30.63
2016-06-08,6.98
2016-06-09,18.24
2016-06-10,24.42
2016-06-11,26.34
2016-06-12,20.36
2016-06-13,24.91
2016-06-14,52.62
2016-06-15,0.34
2016-06-16,12.44
2016-06-17,33.77
2016-06-18,20.31
2016-06-19,39.18
2016-06-20,10.69
2016-06-21,13.49
2016-06-22,23.42
2016-06-23,37.77
2016-06-24,17.71
2016-06-25,19.84
2016-06-26,28.47
2016-06-27,24.29
2016-06-28,4.73
2016-06-29,22.96
2016-06-30,41.41
2016-07-01,3.16
2016-07-02,6.64
2016-07-03,23.78
2016-07-04,3.08
2016-07-05,47.54
2016-07-06,13.35
2016-07-07,35.41
2016-07-08,33.65
2016-07-09,16.73
2016-07-10,27.19
2016-07-11,25.34
2016-07-12,30.14
2016-07-13,17.67
2016-07-14,36.87
2016-07-15,32.08
2016-07-16,12.8
2016-07-17,1.39
2016-07-18,6.12
2016-07-19,1.19
2016-07-20,35.43
2016-07-21,31.01
2016-07-22,14.44
2016-07-23,53.92
2016-07-24,39.8
2016-07-25,12.63
2016-07-26,34.22
2016-07-27,24.35
2016-07-28,1.34
2016-07-29,12.43
2016-07-30,26.46
2016-07-31,9.33
2016-08-01,26.49
2016-08-02,68.09
2016-08-03,20.58
2016-08-04,19.68
2016-08-05,47.73
2016-08-06,24.95
2016-08-07,18.27
2016-08-08,10.5
2016-08-09,9.58
2016-08-10,3.56
2016-08-11,2.97
2016-08-12,37.92
2016-08-13,2.82
2016-08-14,3.79
2016-08-15,11.53
2016-08-16,31.3
2016-08-17,4.63
2016-08-18,10.49
2016-08-19,6.41
2016-08-20,29.77
2016-08-21,22.22
2016-08-22,33.25
2016-08-23,27.04
2016-08-24,25.75
2016-08-25,22.4
2016-08-26,5.78
2016-08-27,32.2
2016-08-28,16.53
2016-08-29,13.8
2016-08-30,28.38
2016-08-31,39.64
2016-09-01,10.52
2016-09-02,32.45
2016-09-03,40.22
2016-09-04,13.34
2016-09-05,2.67
2016-09-06,1.82
2016-09-07,34.15
2016-09-08,3.57
2016-09-09,5.86
2016-09-10,15.5
2016-09-11,2.19
2016-09-12,55.18
2016-09-13,14.62
2016-09-14,1.66
2016-09-15,5.29
2016-09-16,16.23
2016-09-17,23.21
2016-09-18,23.07
2016-09-19,31.24
2016-09-20,30.42
2016-09-21,31.21
2016-09-22,14.57
2016-09-23,7.12
2016-09-24,36.98
2016-09-25,13.74
2016-09-26,16.18
2016-09-27,25.35
2016-09-28,26.71
2016-09-29,17.07
2016-09-30,25.81
2016-10-01,7.83
2016-10-02,2.02
2016-10-03,4.77
2016-10-04,2.19
2016-10-05,5.79
2016-10-06,7.97
2016-10-07,3.59
2016-10-08,0.22
2016-10-09,5.59
2016-10-10,0.2
2016-10-11,4.58
2016-10-12,3.61
2016-10-13,0.56
2016-10-14,1.13
2016-10-15,8.81
2016-10-16,1.7
2016-10-17,3.23
2016-10-18,1.63
2016-10-19,0.18
2016-10-20,3.04
2016-10-21,2.36
2016-10-22,3.88
2016-10-23,4.16
2016-10-24,1.85
2016-10-25,6.05
2016-10-26,2.13
2016-10-27,10.18
2016-10-28,1.38
2016-10-29,0.61
2016-10-30,0.06
2016-10-31,4.48
2016-11-01,4.2
2016-11-02,4.96
2016-11-03,0.22
2016-11-04,3.69
2016-11-05,7.46
2016-11-06,4.31
2016-11-07,0.97
2016-11-08,3.93
2016-11-09,1.67
2016-11-10,1.11
2016-11-11,7.85
2016-11-12,1.13
2016-11-13,0.6
2016-11-14,3.56
2016-11-15,3.87
2016-11-16,2.71
2016-11-17,4.27
2016-11-18,8.08
2016-11-19,0.72
2016-11-20,2.71
2016-11-21,5.07
2016-11-22,3.4
2016-11-23,5.37
2016-11-24,3.81
2016-11-25,4.36
2016-11-26,5.75
2016-11-27,0.16
2016-11-28,5.2
2016-11-29,4.8
2016-11-30,4.47
2016-12-01,1.58
2016-12-02,8.43
2016-12-03,4.24
2016-12-04,0.44
2016-12-05,1.87
2016-12-06,1.09
2016-12-07,3.76
2016-12-08,0.15
2016-12-09,2.32
2016-12-10,5.52
2016-12-11,5.35
2016-12-12,2.83
2016-12-13,3.58
2016-12-14,6.22
2016-12-15,1.61
2016-12-16,2.71
2016-12-17,5.1
2016-12-18,2.92
2016-12-19,1.68
2016-12-20,1.86
2016-12-21,2.12
2016-12-22,3.89
2016-12-23,2.65
2016-12-24,2.65
2016-12-25,3.35
2016-12-26,0.11
2016-12-27,7.34
2016-12-28,1.32
2016-12-29,1.31
2016-12-30,5.25
2016-12-31,1.69
2017-01-01,2.86
2017-01-02,3.63
2017-01-03,4.74
2017-01-04,5.87
2017-01-05,3.55
2017-01-06,2.08
2017-01-07,1.35
2017-01-08,2.9
2017-01-09,2.06
2017-01-10,1.62
2017-01-11,2.24
2017-01-12,3.07
2017-01-13,4.34
2017-01-14,6.93
2017-01-15,1.35
2017-01-16,2.87
2017-01-17,3.33
2017-01-18,2.76
2017-01-19,5.63
2017-01-20,3.73
2017-01-21,0.66
2017-01-22,9.36
2017-01-23,5.97
2017-01-24,5.0
2017-01-25,2.79
2017-01-26,2.86
2017-01-27,3.72
2017-01-28,2.11
2017-01-29,0.22
2017-01-30,2.91
2017-01-31,5.0
2017-02-01,1.16
2017-02-02,10.94
2017-02-03,0.86
2017-02-04,4.75
2017-02-05,3.37
2017-02-06,4.75
2017-02-07,0.88
2017-02-08,3.75
2017-02-09,7.24
2017-02-10,5.21
2017-02-11,1.5
2017-02-12,0.56
2017-02-13,8.56
2017-02-14,0.67
2017-02-15,0.46
2017-02-16,0.58
2017-02-17,6.3
2017-02-18,3.26
2017-02-19,1.37
2017-02-20,7.29
2017-02-21,1.16
2017-02-22,0.52
2017-02-23,4.84
2017-02-24,0.25
2017-02-25,1.91
2017-02-26,0.69
2017-02-27,1.67
2017-02-28,2.03
2017-03-01,5.39
2017-03-02,3.41
2017-03-03,2.27
2017-03-04,5.78
2017-03-05,3.19
2017-03-06,3.27
2017-03-07,6.68
2017-03-08,1.56
2017-03-09,1.76
2017-03-10,5.48
2017-03-11,1.61
2017-03-12,3.09
2017-03-13,6.04
2017-03-14,2.24
2017-03-15,3.04
2017-03-16,1.83
2017-03-17,0.89
2017-03-18,4.8
2017-03-19,5.64
2017-03-20,0.81
2017-03-21,1.5
2017-03-22,4.21
2017-03-23,3.42
2017-03-24,5.22
2017-03-25,5.11
2017-03-26,1.41
2017-03-27,0.37
2017-03-28,0.9
2017-03-29,2.8
2017-03-30,3.55
2017-03-31,2.28
2017-04-01,0.28
2017-04-02,4.26
2017-04-03,3.24
2017-04-04,3.86
2017-04-05,1.53
2017-04-06,1.69
2017-04-07,2.29
2017-04-08,6.8
2017-04-09,3.1
2017-04-10,4.46
2017-04-11,1.8
2017-04-12,2.34
2017-04-13,4.2
2017-04-14,3.57
2017-04-15,3.94
2017-04-16,3.82
2017-04-17,3.4
2017-04-18,0.44
2017-04-19,5.51
2017-04-20,0.61
2017-04-21,0.49
2017-04-22,1.98
2017-04-23,0.09
2017-04-24,0.57
2017-04-25,3.85
2017-04-26,4.77
2017-04-27,2.72
2017-04-28,1.72
2017-04-29,0.12
2017-04-30,5.41
2017-05-01,1.33
2017-05-02,2.38
2017-05-03,12.21
2017-05-04,1.0
2017-05-05,2.24
2017-05-06,0.26
2017-05-07,7.67
2017-05-08,8.63
2017-05-09,2.18
2017-05-10,6.85
2017-05-11,4.13
2017-05-12,8.77
2017-05-13,3.21
2017-05-14,1.69
2017-05-15,4.04
2017-05-16,2.34
2017-05-17,4.1
2017-05-18,1.14
2017-05-19,2.62
2017-05-20,0.08
2017-05-21,8.27
2017-05-22,3.17
2017-05-23,5.03
2017-05-24,1.47
2017-05-25,1.06
2017-05-26,4.02
2017-05-27,6.6
2017-05-28,6.92
2017-05-29,1.17
2017-05-30,2.73
2017-05-31,5.51
2017-06-01,10.58
2017-06-02,19.5
2017-06-03,34.37
2017-06-04,27.29
2017-06-05,29.53
2017-06-06,29.0
2017-06-07,5.76
2017-06-08,44.44
2017-06-09,40.95
2017-06-10,3.79
2017-06-11,30.91
2017-06-12,29.27
2017-06-13,49.47
2017-06-14,10.17
2017-06-15,11.49
2017-06-16,25.91
2017-06-17,6.74
2017-06-18,38.67
2017-06-19,17.38
2017-06-20,20.41
2017-06-21,23.02
2017-06-22,5.1
2017-06-23,12.63
2017-06-24,24.61
2017-06-25,36.94
2017-06-26,15.94
2017-06-27,49.69
2017-06-28,10.35
2017-06-29,18.67
2017-06-30,0.65
2017-07-01,39.0
2017-07-02,34.7
2017-07-03,19.76
2017-07-04,0.83
2017-07-05,23.3
2017-07-06,12.18
2017-07-07,27.45
2017-07-08,10.57
2017-07-09,26.08
2017-07-10,3.27
2017-07-11,49.83
2017-07-12,25.0
2017-07-13,0.88
2017-07-14,7.54
2017-07-15,15.6
2017-07-16,9.14
2017-07-17,11.38
2017-07-18,4.83
2017-07-19,38.58
2017-07-20,15.35
2017-07-21,20.47
2017-07-22,20.69
2017-07-23,17.28
2017-07-24,15.57
2017-07-25,29.73
2017-07-26,10.98
2017-07-27,21.14
2017-07-28,17.75
2017-07-29,9.58
2017-07-30,22.18
2017-07-31,31.3
2017-08-01,6.31
2017-08-02,6.0
2017-08-03,46.02
2017-08-04,6.63
2017-08-05,24.91
2017-08-06,33.44
2017-08-07,22.77
2017-08-08,38.85
2017-08-09,25.68
2017-08-10,43.05
2017-08-11,35.63
2017-08-12,22.12
2017-08-13,11.78
2017-08-14,20.54
2017-08-15,52.63
2017-08-16,35.54
2017-08-17,1.03
2017-08-18,10.95
2017-08-19,7.1
2017-08-20,34.44
2017-08-21,35.55
2017-08-22,20.68
2017-08-23,9.36
2017-08-24,17.77
2017-08-25,8.27
2017-08-26,23.4
2017-08-27,16.45
2017-08-28,0.8
2017-08-29,0.29
2017-08-30,9.4
2017-08-31,1.67
2017-09-01,15.95
2017-09-02,14.99
2017-09-03,1.93
2017-09-04,8.51
2017-09-05,14.84
2017-09-06,41.05
2017-09-07,24.36
2017-09-08,17.84
2017-09-09,39.32
2017-09-10,8.01
2017-09-11,23.56
2017-09-12,3.12
2017-09-13,18.71
2017-09-14,33.0
2017-09-15,24.77
2017-09-16,32.74
2017-09-17,22.96
2017-09-18,41.3
2017-09-19,9.16
2017-09-20,13.96
2017-09-21,8.21
2017-09-22,40.77
2017-09-23,12.52
2017-09-24,54.17
2017-09-25,7.92
2017-09-26,23.47
2017-09-27,9.84
2017-09-28,18.77
2017-09-29,19.85
2017-09-30,9.81
2017-10-01,0.47
2017-10-02,10.78
2017-10-03,8.37
2017-10-04,2.28
2017-10-05,10.09
2017-10-06,1.03
2017-10-07,3.06
2017-10-08,6.54
2017-10-09,13.55
2017-10-10,3.61
2017-10-11,4.02
2017-10-12,4.75
2017-10-13,2.75
2017-10-14,3.93
2017-10-15,4.16
2017-10-16,4.39
2017-10-17,3.89
2017-10-18,5.37
2017-10-19,5.5
2017-10-20,3.21
2017-10-21,7.26
2017-10-22,1.15
2017-10-23,0.79
2017-10-24,10.4
2017-10-25,8.5
2017-10-26,7.3
2017-10-27,1.56
2017-10-28,0.62
2017-10-29,7.84
2017-10-30,9.36
2017-10-31,1.0
2017-11-01,2.74
2017-11-02,2.86
2017-11-03,4.65
2017-11-04,7.98
2017-11-05,5.35
2017-11-06,6.67
2017-11-07,0.3
2017-11-08,3.37
2017-11-09,1.54
2017-11-10,2.13
2017-11-11,3.07
2017-11-12,2.26
2017-11-13,6.8
2017-11-14,2.77
2017-11-15,2.2
2017-11-16,1.98
2017-11-17,3.46
2017-11-18,2.81
2017-11-19,0.28
2017-11-20,5.05
2017-11-21,0.07
2017-11-22,0.76
2017-11-23,8.4
2017-11-24,5.96
2017-11-25,3.05
2017-11-26,0.26
2017-11-27,1.59
2017-11-28,1.91
2017-11-29,0.32
2017-11-30,1.98
2017-12-01,3.8
2017-12-02,4.68
2017-12-03,0.59
2017-12-04,3.29
2017-12-05,4.68
2017-12-06,8.25
2017-12-07,3.23
2017-12-08,2.23
2017-12-09,0.3
2017-12-10,3.3
2017-12-11,9.2
2017-12-12,3.66
2017-12-13,10.33
2017-12-14,1.51
2017-12-15,3.71
2017-12-16,6.12
2017-12-17,9.48
2017-12-18,4.11
2017-12-19,6.88
2017-12-20,2.74
2017-12-21,0.14
2017-12-22,2.73
2017-12-23,4.65
2017-12-24,0.28
2017-12-25,3.31
2017-12-26,1.5
2017-12-27,2.48
2017-12-28,4.19
2017-12-29,2.41
2017-12-30,0.21
2017-12-31,3.29
2018-01-01,1.32
2018-01-02,7.51
2018-01-03,3.36
2018-01-04,3.35
2018-01-05,1.09
2018-01-06,6.39
2018-01-07,0.61
2018-01-08,0.88
2018-01-09,10.22
2018-01-10,6.77
2018-01-11,4.65
2018-01-12,2.24
2018-01-13,2.15
2018-01-14,0.58
2018-01-15,2.07
2018-01-16,7.55
2018-01-17,4.12
2018-01-18,4.1
2018-01-19,1.16
2018-01-20,3.21
2018-01-21,1.73
2018-01-22,6.17
2018-01-23,1.03
2018-01-24,2.03
2018-01-25,0.24
2018-01-26,7.35
2018-01-27,2.82
2018-01-28,1.66
2018-01-29,5.47
2018-01-30,0.89
2018-01-31,1.91
2018-02-01,5.09
2018-02-02,2.0
2018-02-03,0.0
2018-02-04,5.78
2018-02-05,3.0
2018-02-06,2.14
2018-02-07,1.95
2018-02-08,4.64
2018-02-09,4.29
2018-02-10,5.61
2018-02-11,3.51
2018-02-12,3.1
2018-02-13,9.18
2018-02-14,2.35
2018-02-15,4.99
2018-02-16,3.13
2018-02-17,0.71
2018-02-18,0.78
2018-02-19,9.59
2018-02-20,0.44
2018-02-21,1.6
2018-02-22,4.74
2018-02-23,1.63
2018-02-24,6.32
2018-02-25,2.32
2018-02-26,4.33
2018-02-27,10.82
2018-02-28,3.58
2018-03-01,7.04
2018-03-02,4.16
2018-03-03,5.11
2018-03-04,1.22
2018-03-05,3.31
2018-03-06,0.39
2018-03-07,4.23
2018-03-08,0.65
2018-03-09,5.02
2018-03-10,5.03
2018-03-11,1.79
2018-03-12,4.85
2018-03-13,12.08
2018-03-14,1.4
2018-03-15,0.28
2018-03-16,1.2
2018-03-17,1.25
2018-03-18,1.83
2018-03-19,9.98
2018-03-20,3.14
2018-03-21,1.29
2018-03-22,4.98
2018-03-23,0.84
2018-03-24,1.19
2018-03-25,8.0
2018-03-26,4.1
2018-03-27,9.6
2018-03-28,0.21
2018-03-29,4.05
2018-03-30,5.87
2018-03-31,5.04
2018-04-01,7.59
2018-04-02,10.23
2018-04-03,6.83
2018-04-04,1.7
2018-04-05,1.83
2018-04-06,1.58
2018-04-07,0.98
2018-04-08,6.71
2018-04-09,3.53
2018-04-10,1.44
2018-04-11,0.68
2018-04-12,6.24
2018-04-13,0.93
2018-04-14,3.89
2018-04-15,3.97
2018-04-16,2.3
2018-04-17,10.42
2018-04-18,4.98
2018-04-19,4.87
2018-04-20,6.47
2018-04-21,5.02
2018-04-22,6.35
2018-04-23,1.28
2018-04-24,2.08
2018-04-25,7.2
2018-04-26,6.03
2018-04-27,3.91
2018-04-28,1.98
2018-04-29,2.33
2018-04-30,4.98
2018-05-01,6.32
2018-05-02,3.42
2018-05-03,2.31
2018-05-04,0.49
2018-05-05,1.46
2018-05-06,3.03
2018-05-07,9.35
2018-05-08,6.77
2018-05-09,8.03
2018-05-10,1.77
2018-05-11,6.88
2018-05-12,4.62
2018-05-13,2.95
2018-05-14,4.26
2018-05-15,6.59
2018-05-16,6.64
2018-05-17,1.1
2018-05-18,0.66
2018-05-19,1.63
2018-05-20,1.2
2018-05-21,0.77
2018-05-22,0.45
2018-05-23,0.53
2018-05-24,9.6
2018-05-25,4.85
2018-05-26,0.66
2018-05-27,1.65
2018-05-28,5.33
2018-05-29,7.69
2018-05-30,3.4
2018-05-31,2.23
2018-06-01,29.48
2018-06-02,55.7
2018-06-03,21.81
2018-06-04,25.25
2018-06-05,26.05
2018-06-06,24.29
2018-06-07,42.75
2018-06-08,29.71
2018-06-09,32.96
2018-06-10,0.06
2018-06-11,26.65
2018-06-12,30.14
2018-06-13,36.59
2018-06-14,16.94
2018-06-15,26.18
2018-06-16,44.29
2018-06-17,35.94
2018-06-18,19.36
2018-06-19,23.8
2018-06-20,33.0
2018-06-21,8.36
2018-06-22,28.05
2018-06-23,50.4
2018-06-24,32.58
2018-06-25,40.21
2018-06-26,39.36
2018-06-27,18.04
2018-06-28,40.17
2018-06-29,33.88
2018-06-30,22.53
2018-07-01,40.57
2018-07-02,13.99
2018-07-03,1.5
2018-07-04,0.37
2018-07-05,8.64
2018-07-06,27.14
2018-07-07,26.62
2018-07-08,19.96
2018-07-09,28.64
2018-07-10,31.31
2018-07-11,9.87
2018-07-12,45.22
2018-07-13,23.87
2018-07-14,14.05
2018-07-15,27.65
2018-07-16,18.3
2018-07-17,38.64
2018-07-18,4.17
2018-07-19,21.01
2018-07-20,5.34
2018-07-21,23.77
2018-07-22,14.45
2018-07-23,34.49
2018-07-24,0.17
2018-07-25,16.47
2018-07-26,21.46
2018-07-27,11.16
2018-07-28,12.07
2018-07-29,22.55
2018-07-30,56.41
2018-07-31,31.58
2018-08-01,29.28
2018-08-02,14.63
2018-08-03,8.1
2018-08-04,17.17
2018-08-05,31.92
2018-08-06,44.86
2018-08-07,12.92
2018-08-08,44.28
2018-08-09,30.07
2018-08-10,0.9
2018-08-11,25.09
2018-08-12,5.27
2018-08-13,41.48
2018-08-14,0.53
2018-08-15,62.05
2018-08-16,40.45
2018-08-17,7.99
2018-08-18,20.1
2018-08-19,32.67
2018-08-20,25.63
2018-08-21,20.34
2018-08-22,11.64
2018-08-23,25.3
2018-08-24,29.05
2018-08-25,27.75
2018-08-26,23.69
2018-08-27,35.11
2018-08-28,58.64
2018-08-29,33.82
2018-08-30,34.53
2018-08-31,38.27
2018-09-01,22.02
2018-09-02,10.45
2018-09-03,28.49
2018-09-04,9.31
2018-09-05,34.52
2018-09-06,15.27
2018-09-07,7.45
2018-09-08,7.83
2018-09-09,13.26
2018-09-10,10.95
2018-09-11,9.8
2018-09-12,39.71
2018-09-13,38.72
2018-09-14,47.05
2018-09-15,9.96
2018-09-16,32.38
2018-09-17,14.5
2018-09-18,15.19
2018-09-19,27.1
2018-09-20,24.68
2018-09-21,21.88
2018-09-22,26.01
2018-09-23,36.67
2018-09-24,37.31
2018-09-25,26.44
2018-09-26,12.56
2018-09-27,20.21
2018-09-28,48.81
2018-09-29,9.79
2018-09-30,1.41
2018-10-01,4.15
2018-10-02,0.37
2018-10-03,1.02
2018-10-04,6.02
2018-10-05,3.59
2018-10-06,3.43
2018-10-07,3.28
2018-10-08,0.71
2018-10-09,1.97
2018-10-10,7.03
2018-10-11,6.91
2018-10-12,1.37
2018-10-13,10.24
2018-10-14,2.54
2018-10-15,12.06
2018-10-16,1.58
2018-10-17,0.58
2018-10-18,3.5
2018-10-19,0.89
2018-10-20,4.53
2018-10-21,1.5
2018-10-22,1.31
2018-10-23,8.11
2018-10-24,3.43
2018-10-25,1.32
2018-10-26,1.21
2018-10-27,2.07
2018-10-28,7.09
2018-10-29,2.04
2018-10-30,4.64
2018-10-31,2.76
2018-11-01,3.67
2018-11-02,0.51
2018-11-03,3.19
2018-11-04,6.57
2018-11-05,1.77
2018-11-06,1.75
2018-11-07,9.42
2018-11-08,1.61
2018-11-09,0.83
2018-11-10,2.43
2018-11-11,3.45
2018-11-12,0.59
2018-11-13,2.5
2018-11-14,3.36
2018-11-15,0.07
2018-11-16,3.25
2018-11-17,3.27
2018-11-18,0.31
2018-11-19,0.63
2018-11-20,2.7
2018-11-21,5.1
2018-11-22,0.48
2018-11-23,0.11
2018-11-24,4.74
2018-11-25,4.52
2018-11-26,2.26
2018-11-27,1.23
2018-11-28,1.35
2018-11-29,6.08
2018-11-30,1.83
2018-12-01,4.14
2018-12-02,3.49
2018-12-03,5.64
2018-12-04,0.38
2018-12-05,1.98
2018-12-06,3.84
2018-12-07,7.85
2018-12-08,12.02
2018-12-09,1.66
2018-12-10,3.44
2018-12-11,1.3
2018-12-12,1.06
2018-12-13,4.92
2018-12-14,2.21
2018-12-15,1.2
2018-12-16,1.56
2018-12-17,7.73
2018-12-18,4.01
2018-12-19,5.24
2018-12-20,3.89
2018-12-21,8.24
2018-12-22,1.38
2018-12-23,2.4
2018-12-24,0.82
2018-12-25,2.57
2018-12-26,8.33
2018-12-27,0.57
2018-12-28,2.25
2018-12-29,2.12
2018-12-30,5.72
2018-12-31,11.17
2019-01-01,1.88
2019-01-02,1.51
2019-01-03,7.54
2019-01-04,1.92
2019-01-05,6.2
2019-01-06,10.55
2019-01-07,2.76
2019-01-08,2.69
2019-01-09,2.67
2019-01-10,2.6
2019-01-11,8.51
2019-01-12,3.44
2019-01-13,6.61
2019-01-14,7.22
2019-01-15,6.07
2019-01-16,0.83
2019-01-17,6.88
2019-01-18,3.62
2019-01-19,6.45
2019-01-20,0.51
2019-01-21,3.27
2019-01-22,3.55
2019-01-23,10.3
2019-01-24,2.12
2019-01-25,3.72
2019-01-26,16.94
2019-01-27,4.4
2019-01-28,1.2
2019-01-29,3.31
2019-01-30,3.43
2019-01-31,5.5
2019-02-01,3.53
2019-02-02,0.43
2019-02-03,3.22
2019-02-04,1.83
2019-02-05,3.33
2019-02-06,7.59
2019-02-07,3.94
2019-02-08,7.84
2019-02-09,12.41
2019-02-10,0.1
2019-02-11,5.13
2019-02-12,0.15
2019-02-13,4.67
2019-02-14,3.36
2019-02-15,1.16
2019-02-16,1.55
2019-02-17,1.43
2019-02-18,0.21
2019-02-19,5.01
2019-02-20,0.86
2019-02-21,7.52
2019-02-22,4.2
2019-02-23,2.0
2019-02-24,3.78
2019-02-25,1.11
2019-02-26,0.37
2019-02-27,4.65
2019-02-28,2.7
2019-03-01,2.51
2019-03-02,1.11
2019-03-03,6.33
2019-03-04,4.02
2019-03-05,5.11
2019-03-06,0.94
2019-03-07,0.93
2019-03-08,11.8
2019-03-09,1.0
2019-03-10,1.7
2019-03-11,2.58
2019-03-12,2.43
2019-03-13,4.37
2019-03-14,2.38
2019-03-15,12.33
2019-03-16,0.16
2019-03-17,0.5
2019-03-18,1.73
2019-03-19,2.62
2019-03-20,0.65
2019-03-21,2.99
2019-03-22,9.61
2019-03-23,10.92
2019-03-24,0.98
2019-03-25,2.53
2019-03-26,1.98
2019-03-27,8.14
2019-03-28,1.13
2019-03-29,4.63
2019-03-30,0.56
2019-03-31,5.91
2019-04-01,0.75
2019-04-02,6.57
2019-04-03,3.12
2019-04-04,1.26
2019-04-05,0.67
2019-04-06,0.16
2019-04-07,3.41
2019-04-08,4.54
2019-04-09,2.01
2019-04-10,0.07
2019-04-11,7.01
2019-04-12,1.05
2019-04-13,0.7
2019-04-14,8.39
2019-04-15,3.19
2019-04-16,4.17
2019-04-17,6.17
2019-04-18,2.16
2019-04-19,2.78
2019-04-20,0.34
2019-04-21,0.07
2019-04-22,1.92
2019-04-23,5.72
2019-04-24,3.67
2019-04-25,2.87
2019-04-26,6.52
2019-04-27,3.15
2019-04-28,1.36
2019-04-29,1.38
2019-04-30,1.35
2019-05-01,3.18
2019-05-02,0.24
2019-05-03,2.13
2019-05-04,2.16
2019-05-05,4.49
2019-05-06,4.92
2019-05-07,4.82
2019-05-08,2.62
2019-05-09,2.38
2019-05-10,3.55
2019-05-11,3.88
2019-05-12,1.52
2019-05-13,4.04
2019-05-14,4.74
2019-05-15,5.89
2019-05-16,4.6
2019-05-17,4.78
2019-05-18,4.4
2019-05-19,5.21
2019-05-20,7.07
2019-05-21,1.03
2019-05-22,1.5
2019-05-23,0.24
2019-05-24,4.44
2019-05-25,0.53
2019-05-26,0.16
2019-05-27,5.54
2019-05-28,3.25
2019-05-29,2.86
2019-05-30,6.04
2019-05-31,0.04
2019-06-01,33.06
2019-06-02,28.01
2019-06-03,20.38
2019-06-04,15.62
2019-06-05,28.5
2019-06-06,38.28
2019-06-07,26.73
2019-06-08,13.91
2019-06-09,5.77
2019-06-10,13.56
2019-06-11,14.03
2019-06-12,16.91
2019-06-13,19.33
2019-06-14,1.3
2019-06-15,39.39
2019-06-16,6.84
2019-06-17,31.88
2019-06-18,12.54
2019-06-19,7.9
2019-06-20,13.74
2019-06-21,25.07
2019-06-22,1.35
2019-06-23,0.26
2019-06-24,7.74
2019-06-25,33.09
2019-06-26,11.5
2019-06-27,42.0
2019-06-28,27.23
2019-06-29,6.78
2019-06-30,41.49
2019-07-01,14.65
2019-07-02,14.1
2019-07-03,9.94
2019-07-04,62.68
2019-07-05,34.48
2019-07-06,29.11
2019-07-07,3.99
2019-07-08,28.86
2019-07-09,17.22
2019-07-10,18.29
2019-07-11,12.34
2019-07-12,50.7
2019-07-13,9.39
2019-07-14,10.36
2019-07-15,0.99
2019-07-16,3.69
2019-07-17,16.31
2019-07-18,28.61
2019-07-19,17.09
2019-07-20,16.66
2019-07-21,35.62
2019-07-22,20.91
2019-07-23,22.11
2019-07-24,18.68
2019-07-25,9.49
2019-07-26,1.5
2019-07-27,15.1
2019-07-28,21.33
2019-07-29,4.11
2019-07-30,27.22
2019-07-31,35.89
2019-08-01,5.54
2019-08-02,32.91
2019-08-03,53.94
2019-08-04,3.5
2019-08-05,46.6
2019-08-06,33.73
2019-08-07,23.73
2019-08-08,29.89
2019-08-09,24.2
2019-08-10,40.85
2019-08-11,5.97
2019-08-12,3.72
2019-08-13,4.24
2019-08-14,19.67
2019-08-15,2.53
2019-08-16,41.8
2019-08-17,17.18
2019-08-18,29.37
2019-08-19,34.08
2019-08-20,24.78
2019-08-21,15.09
2019-08-22,29.41
2019-08-23,17.61
2019-08-24,0.55
2019-08-25,24.59
2019-08-26,3.23
2019-08-27,16.63
2019-08-28,42.5
2019-08-29,4.88
2019-08-30,10.69
2019-08-31,15.71
2019-09-01,15.77
2019-09-02,25.73
2019-09-03,22.96
2019-09-04,15.42
2019-09-05,32.54
2019-09-06,34.6
2019-09-07,19.76
2019-09-08,4.65
2019-09-09,14.74
2019-09-10,26.36
2019-09-11,36.78
2019-09-12,28.51
2019-09-13,54.02
2019-09-14,25.39
2019-09-15,23.62
2019-09-16,4.02
2019-09-17,25.1
2019-09-18,43.3
2019-09-19,9.93
2019-09-20,11.35
2019-09-21,8.75
2019-09-22,43.84
2019-09-23,18.75
2019-09-24,22.12
2019-09-25,40.87
2019-09-26,1.03
2019-09-27,14.82
2019-09-28,38.89
2019-09-29,40.02
2019-09-30,45.63
2019-10-01,4.09
2019-10-02,1.03
2019-10-03,8.06
2019-10-04,6.01
2019-10-05,0.35
2019-10-06,5.51
2019-10-07,0.05
2019-10-08,1.88
2019-10-09,1.47
2019-10-10,3.12
2019-10-11,0.52
2019-10-12,2.69
2019-10-13,2.07
2019-10-14,2.82
2019-10-15,4.73
2019-10-16,0.2
2019-10-17,0.71
2019-10-18,5.28
2019-10-19,1.76
2019-10-20,4.21
2019-10-21,3.03
2019-10-22,3.73
2019-10-23,4.12
2019-10-24,1.46
2019-10-25,2.33
2019-10-26,4.57
2019-10-27,3.59
2019-10-28,0.33
2019-10-29,6.09
2019-10-30,1.84
2019-10-31,9.2
2019-11-01,3.47
2019-11-02,1.16
2019-11-03,2.94
2019-11-04,3.67
2019-11-05,6.54
2019-11-06,1.77
2019-11-07,1.9
2019-11-08,0.82
2019-11-09,1.1
2019-11-10,2.35
2019-11-11,5.5
2019-11-12,0.34
2019-11-13,5.82
2019-11-14,1.43
2019-11-15,2.57
2019-11-16,0.79
2019-11-17,5.78
2019-11-18,1.34
2019-11-19,2.28
2019-11-20,2.16
2019-11-21,3.68
2019-11-22,5.37
2019-11-23,2.67
2019-11-24,6.11
2019-11-25,3.54
2019-11-26,4.89
2019-11-27,4.0
2019-11-28,0.49
2019-11-29,6.53
2019-11-30,5.9
2019-12-01,2.89
2019-12-02,2.72
2019-12-03,2.93
2019-12-04,1.31
2019-12-05,3.86
2019-12-06,0.38
2019-12-07,6.09
2019-12-08,10.42
2019-12-09,6.24
2019-12-10,0.24
2019-12-11,2.96
2019-12-12,2.79
2019-12-13,2.55
2019-12-14,2.15
2019-12-15,1.19
2019-12-16,3.87
2019-12-17,5.08
2019-12-18,1.8
2019-12-19,6.29
2019-12-20,1.23
2019-12-21,3.65
2019-12-22,8.34
2019-12-23,2.68
2019-12-24,5.58
2019-12-25,5.96
2019-12-26,1.43
2019-12-27,3.09
2019-12-28,3.08
2019-12-29,5.11
2019-12-30,1.22
2019-12-31,2.02
2020-01-01,7.2
2020-01-02,5.08
2020-01-03,4.55
2020-01-04,0.62
2020-01-05,4.37
2020-01-06,4.79
2020-01-07,13.14
2020-01-08,6.92
2020-01-09,5.03
2020-01-10,3.83
2020-01-11,2.19
2020-01-12,6.8
2020-01-13,4.06
2020-01-14,3.5
2020-01-15,3.37
2020-01-16,4.42
2020-01-17,3.56
2020-01-18,1.34
2020-01-19,3.57
2020-01-20,1.45
2020-01-21,3.74
2020-01-22,1.96
2020-01-23,1.08
2020-01-24,0.79
2020-01-25,2.58
2020-01-26,5.57
2020-01-27,10.72
2020-01-28,1.62
2020-01-29,1.53
2020-01-30,2.43
2020-01-31,3.61
2020-02-01,4.82
2020-02-02,2.27
2020-02-03,4.01
2020-02-04,3.33
2020-02-05,11.4
2020-02-06,1.43
2020-02-07,2.06
2020-02-08,2.27
2020-02-09,1.83
2020-02-10,3.92
2020-02-11,1.71
2020-02-12,3.16
2020-02-13,3.04
2020-02-14,2.41
2020-02-15,6.19
2020-02-16,6.91
2020-02-17,3.81
2020-02-18,3.93
2020-02-19,7.16
2020-02-20,3.18
2020-02-21,2.99
2020-02-22,2.29
2020-02-23,5.68
2020-02-24,6.19
2020-02-25,4.72
2020-02-26,3.93
2020-02-27,2.73
2020-02-28,11.92
2020-02-29,1.26
2020-03-01,2.13
2020-03-02,6.53
2020-03-03,3.6
2020-03-04,0.66
2020-03-05,5.38
2020-03-06,6.07
2020-03-07,0.1
2020-03-08,1.38
2020-03-09,4.08
2020-03-10,1.88
2020-03-11,8.79
2020-03-12,5.14
2020-03-13,4.48
2020-03-14,3.32
2020-03-15,9.23
2020-03-16,4.87
2020-03-17,4.49
2020-03-18,4.61
2020-03-19,1.04
2020-03-20,2.11
2020-03-21,3.99
2020-03-22,6.0
2020-03-23,6.28
2020-03-24,3.37
2020-03-25,1.04
2020-03-26,1.77
2020-03-27,0.18
2020-03-28,3.31
2020-03-29,1.43
2020-03-30,0.81
2020-03-31,0.82
2020-04-01,7.03
2020-04-02,1.43
2020-04-03,2.15
2020-04-04,5.71
2020-04-05,4.26
2020-04-06,8.05
2020-04-07,5.26
2020-04-08,3.83
2020-04-09,5.42
2020-04-10,2.05
2020-04-11,12.3
2020-04-12,4.44
2020-04-13,5.77
2020-04-14,1.61
2020-04-15,3.85
2020-04-16,1.97
2020-04-17,1.54
2020-04-18,4.32
2020-04-19,0.88
2020-04-20,6.47
2020-04-21,3.4
2020-04-22,1.11
2020-04-23,4.03
2020-04-24,3.25
2020-04-25,4.24
2020-04-26,3.1
2020-04-27,1.03
2020-04-28,1.95
2020-04-29,2.69
2020-04-30,8.07
2020-05-01,0.71
2020-05-02,6.05
2020-05-03,2.72
2020-05-04,10.4
2020-05-05,5.41
2020-05-06,3.67
2020-05-07,3.92
2020-05-08,1.75
2020-05-09,3.06
2020-05-10,3.86
2020-05-11,1.03
2020-05-12,5.63
2020-05-13,1.1
2020-05-14,2.28
2020-05-15,10.15
2020-05-16,0.41
2020-05-17,6.72
2020-05-18,0.95
2020-05-19,2.1
2020-05-20,2.84
2020-05-21,0.34
2020-05-22,5.27
2020-05-23,4.11
2020-05-24,3.2
2020-05-25,1.51
2020-05-26,3.58
2020-05-27,2.16
2020-05-28,0.67
2020-05-29,7.52
2020-05-30,0.12
2020-05-31,7.36
2020-06-01,13.34
2020-06-02,16.02
2020-06-03,24.78
2020-06-04,38.92
2020-06-05,25.12
2020-06-06,49.48
2020-06-07,21.99
2020-06-08,25.76
2020-06-09,28.41
2020-06-10,27.46
2020-06-11,12.74
2020-06-12,27.68
2020-06-13,43.15
2020-06-14,86.32
2020-06-15,22.18
2020-06-16,24.08
2020-06-17,40.17
2020-06-18,16.9
2020-06-19,11.06
2020-06-20,29.44
2020-06-21,19.59
2020-06-22,14.29
2020-06-23,17.03
2020-06-24,41.55
2020-06-25,23.31
2020-06-26,36.46
2020-06-27,34.2
2020-06-28,24.71
2020-06-29,8.74
2020-06-30,21.29
2020-07-01,13.23
2020-07-02,29.45
2020-07-03,19.59
2020-07-04,25.94
2020-07-05,51.86
2020-07-06,25.43
2020-07-07,11.21
2020-07-08,7.28
2020-07-09,0.38
2020-07-10,4.91
2020-07-11,11.43
2020-07-12,36.69
2020-07-13,41.71
2020-07-14,19.69
2020-07-15,7.56
2020-07-16,7.0
2020-07-17,29.03
2020-07-18,32.4
2020-07-19,11.44
2020-07-20,34.32
2020-07-21,26.73
2020-07-22,30.79
2020-07-23,5.22
2020-07-24,35.78
2020-07-25,9.91
2020-07-26,14.66
2020-07-27,32.48
2020-07-28,24.48
2020-07-29,8.18
2020-07-30,43.44
2020-07-31,6.98
2020-08-01,28.2
2020-08-02,47.34
2020-08-03,37.85
2020-08-04,40.06
2020-08-05,18.73
2020-08-06,22.27
2020-08-07,52.03
2020-08-08,2.93
2020-08-09,30.26
2020-08-10,18.15
2020-08-11,34.62
2020-08-12,30.78
2020-08-13,6.4
2020-08-14,10.74
2020-08-15,43.19
2020-08-16,26.5
2020-08-17,43.12
2020-08-18,5.01
2020-08-19,14.1
2020-08-20,44.05
2020-08-21,32.82
2020-08-22,38.4
2020-08-23,28.44
2020-08-24,8.41
2020-08-25,36.94
2020-08-26,18.15
2020-08-27,41.85
2020-08-28,60.99
2020-08-29,32.16
2020-08-30,1.49
2020-08-31,24.74
2020-09-01,20.78
2020-09-02,22.32
2020-09-03,17.5
2020-09-04,18.33
2020-09-05,39.33
2020-09-06,2.84
2020-09-07,9.27
2020-09-08,37.06
2020-09-09,23.37
2020-09-10,14.39
2020-09-11,3.06
2020-09-12,2.79
2020-09-13,28.79
2020-09-14,29.15
2020-09-15,11.57
2020-09-16,23.97
2020-09-17,5.28
2020-09-18,17.0
2020-09-19,0.11
2020-09-20,20.38
2020-09-21,54.59
2020-09-22,5.3
2020-09-23,29.17
2020-09-24,33.82
2020-09-25,20.95
2020-09-26,69.48
2020-09-27,8.05
2020-09-28,31.41
2020-09-29,21.91
2020-09-30,25.38
2020-10-01,1.89
2020-10-02,4.52
2020-10-03,5.08
2020-10-04,3.72
2020-10-05,8.73
2020-10-06,2.65
2020-10-07,7.03
2020-10-08,3.52
2020-10-09,7.52
2020-10-10,6.26
2020-10-11,0.12
2020-10-12,4.02
2020-10-13,7.95
2020-10-14,5.1
2020-10-15,5.78
2020-10-16,3.3
2020-10-17,4.2
2020-10-18,4.15
2020-10-19,1.93
2020-10-20,2.0
2020-10-21,2.69
2020-10-22,0.81
2020-10-23,1.02
2020-10-24,2.12
2020-10-25,0.94
2020-10-26,1.06
2020-10-27,9.42
2020-10-28,1.92
2020-10-29,3.62
2020-10-30,10.3
2020-10-31,2.61
2020-11-01,2.47
2020-11-02,0.7
2020-11-03,6.27
2020-11-04,2.19
2020-11-05,4.16
2020-11-06,4.28
2020-11-07,4.32
2020-11-08,6.02
2020-11-09,5.88
2020-11-10,3.22
2020-11-11,2.72
2020-11-12,2.94
2020-11-13,0.14
2020-11-14,7.47
2020-11-15,0.42
2020-11-16,1.66
2020-11-17,0.36
2020-11-18,0.52
2020-11-19,12.87
2020-11-20,6.53
2020-11-21,2.93
2020-11-22,2.25
2020-11-23,5.87
2020-11-24,7.23
2020-11-25,0.46
2020-11-26,3.26
2020-11-27,2.28
2020-11-28,4.52
2020-11-29,5.43
2020-11-30,0.06
2020-12-01,6.69
2020-12-02,7.46
2020-12-03,3.85
2020-12-04,2.25
2020-12-05,5.75
2020-12-06,1.48
2020-12-07,2.93
2020-12-08,2.79
2020-12-09,7.71
2020-12-10,3.71
2020-12-11,1.1
2020-12-12,3.67
2020-12-13,6.55
2020-12-14,3.08
2020-12-15,0.1
2020-12-16,0.17
2020-12-17,4.63
2020-12-18,0.07
2020-12-19,2.07
2020-12-20,8.91
2020-12-21,0.42
2020-12-22,3.62
2020-12-23,5.03
2020-12-24,3.82
2020-12-25,1.85
2020-12-26,2.97
2020-12-27,2.92
2020-12-28,4.07
2020-12-29,9.3
2020-12-30,2.87
2020-12-31,3.09
2021-01-01,5.07
2021-01-02,3.19
2021-01-03,5.46
2021-01-04,6.43
2021-01-05,1.32
2021-01-06,5.13
2021-01-07,6.6
2021-01-08,2.27
2021-01-09,7.55
2021-01-10,5.64
2021-01-11,3.81
2021-01-12,4.66
2021-01-13,2.21
2021-01-14,1.56
2021-01-15,0.4
2021-01-16,0.56
2021-01-17,9.38
2021-01-18,0.24
2021-01-19,4.92
2021-01-20,3.74
2021-01-21,0.77
2021-01-22,2.89
2021-01-23,0.46
2021-01-24,0.14
2021-01-25,5.25
2021-01-26,3.38
2021-01-27,4.32
2021-01-28,4.61
2021-01-29,2.19
2021-01-30,1.1
2021-01-31,2.57
2021-02-01,1.1
2021-02-02,1.65
2021-02-03,6.76
2021-02-04,7.36
2021-02-05,2.08
2021-02-06,3.18
2021-02-07,2.84
2021-02-08,3.47
2021-02-09,0.03
2021-02-10,3.98
2021-02-11,4.5
2021-02-12,2.35
2021-02-13,0.94
2021-02-14,3.25
2021-02-15,3.58
2021-02-16,0.93
2021-02-17,5.83
2021-02-18,9.2
2021-02-19,6.13
2021-02-20,0.22
2021-02-21,1.09
2021-02-22,0.02
2021-02-23,0.69
2021-02-24,3.88
2021-02-25,0.12
2021-02-26,5.83
2021-02-27,0.48
2021-02-28,1.37
2021-03-01,8.56
2021-03-02,4.16
2021-03-03,0.63
2021-03-04,3.29
2021-03-05,1.86
2021-03-06,0.29
2021-03-07,6.86
2021-03-08,5.45
2021-03-09,5.82
2021-03-10,5.42
2021-03-11,7.68
2021-03-12,3.64
2021-03-13,2.56
2021-03-14,0.78
2021-03-15,4.17
2021-03-16,8.16
2021-03-17,8.5
2021-03-18,6.32
2021-03-19,0.11
2021-03-20,4.59
2021-03-21,1.1
2021-03-22,2.85
2021-03-23,3.03
2021-03-24,3.1
2021-03-25,7.77
2021-03-26,2.21
2021-03-27,3.81
2021-03-28,1.64
2021-03-29,8.59
2021-03-30,2.8
2021-03-31,3.88
2021-04-01,5.7
2021-04-02,2.26
2021-04-03,0.15
2021-04-04,1.27
2021-04-05,12.39
2021-04-06,1.86
2021-04-07,0.3
2021-04-08,2.25
2021-04-09,6.65
2021-04-10,3.24
2021-04-11,1.32
2021-04-12,3.32
2021-04-13,1.67
2021-04-14,5.65
2021-04-15,2.33
2021-04-16,11.45
2021-04-17,10.46
2021-04-18,7.46
2021-04-19,9.69
2021-04-20,2.84
2021-04-21,6.09
2021-04-22,6.82
2021-04-23,1.0
2021-04-24,3.27
2021-04-25,1.71
2021-04-26,6.22
2021-04-27,1.26
2021-04-28,11.77
2021-04-29,4.69
2021-04-30,0.1
2021-05-01,7.97
2021-05-02,8.83
2021-05-03,0.93
2021-05-04,7.26
2021-05-05,1.25
2021-05-06,2.17
2021-05-07,1.61
2021-05-08,0.81
2021-05-09,4.4
2021-05-10,3.64
2021-05-11,8.71
2021-05-12,1.15
2021-05-13,2.75
2021-05-14,0.2
2021-05-15,2.9
2021-05-16,7.5
2021-05-17,5.82
2021-05-18,9.53
2021-05-19,2.59
2021-05-20,8.26
2021-05-21,1.88
2021-05-22,4.78
2021-05-23,1.37
2021-05-24,6.28
2021-05-25,2.21
2021-05-26,2.57
2021-05-27,1.38
2021-05-28,0.13
2021-05-29,8.63
2021-05-30,3.74
2021-05-31,1.41
2021-06-01,34.62
2021-06-02,43.05
2021-06-03,0.58
2021-06-04,12.96
2021-06-05,8.93
2021-06-06,0.79
2021-06-07,28.76
2021-06-08,5.57
2021-06-09,11.13
2021-06-10,24.47
2021-06-11,25.22
2021-06-12,25.14
2021-06-13,17.86
2021-06-14,12.02
2021-06-15,14.15
2021-06-16,10.58
2021-06-17,11.1
2021-06-18,22.15
2021-06-19,37.61
2021-06-20,25.1
2021-06-21,8.98
2021-06-22,23.97
2021-06-23,15.52
2021-06-24,10.02
2021-06-25,34.94
2021-06-26,3.59
2021-06-27,30.81
2021-06-28,5.78
2021-06-29,24.36
2021-06-30,2.88
2021-07-01,28.46
2021-07-02,43.38
2021-07-03,24.47
2021-07-04,38.98
2021-07-05,32.82
2021-07-06,39.37
2021-07-07,29.28
2021-07-08,24.61
2021-07-09,19.46
2021-07-10,30.63
2021-07-11,1.96
2021-07-12,6.04
2021-07-13,11.69
2021-07-14,18.08
2021-07-15,6.03
2021-07-16,22.64
2021-07-17,38.1
2021-07-18,1.6
2021-07-19,35.74
2021-07-20,7.27
2021-07-21,2.41
2021-07-22,0.34
2021-07-23,38.59
2021-07-24,22.8
2021-07-25,5.84
2021-07-26,26.73
2021-07-27,30.79
2021-07-28,3.1
2021-07-29,16.37
2021-07-30,22.61
2021-07-31,39.17
2021-08-01,8.13
2021-08-02,16.87
2021-08-03,20.07
2021-08-04,18.15
2021-08-05,9.14
2021-08-06,0.69
2021-08-07,31.24
2021-08-08,26.29
2021-08-09,0.82
2021-08-10,15.82
2021-08-11,10.11
2021-08-12,5.8
2021-08-13,6.03
2021-08-14,19.38
2021-08-15,20.12
2021-08-16,26.64
2021-08-17,23.06
2021-08-18,33.66
2021-08-19,24.35
2021-08-20,34.35
2021-08-21,17.87
2021-08-22,32.21
2021-08-23,11.38
2021-08-24,17.44
2021-08-25,1.29
2021-08-26,11.75
2021-08-27,41.32
2021-08-28,46.27
2021-08-29,10.89
2021-08-30,18.31
2021-08-31,9.66
2021-09-01,54.71
2021-09-02,35.35
2021-09-03,28.34
2021-09-04,34.33
2021-09-05,4.27
2021-09-06,25.36
2021-09-07,21.16
2021-09-08,20.31
2021-09-09,20.2
2021-09-10,11.15
2021-09-11,29.83
2021-09-12,40.2
2021-09-13,41.67
2021-09-14,13.9
2021-09-15,23.4
2021-09-16,20.23
2021-09-17,13.95
2021-09-18,8.9
2021-09-19,13.33
2021-09-20,19.51
2021-09-21,19.82
2021-09-22,8.42
2021-09-23,25.77
2021-09-24,35.5
2021-09-25,15.08
2021-09-26,39.22
2021-09-27,39.75
2021-09-28,12.4
2021-09-29,13.03
2021-09-30,33.1
2021-10-01,8.62
2021-10-02,5.64
2021-10-03,10.49
2021-10-04,2.65
2021-10-05,5.13
2021-10-06,0.7
2021-10-07,2.62
2021-10-08,2.73
2021-10-09,1.75
2021-10-10,3.49
2021-10-11,5.3
2021-10-12,1.83
2021-10-13,2.12
2021-10-14,2.74
2021-10-15,3.92
2021-10-16,6.59
2021-10-17,4.67
2021-10-18,1.38
2021-10-19,4.85
2021-10-20,6.17
2021-10-21,7.88
2021-10-22,5.92
2021-10-23,2.64
2021-10-24,0.32
2021-10-25,2.95
2021-10-26,4.56
2021-10-27,9.33
2021-10-28,2.31
2021-10-29,2.98
2021-10-30,3.1
2021-10-31,5.91
2021-11-01,3.14
2021-11-02,1.69
2021-11-03,8.34
2021-11-04,3.25
2021-11-05,2.71
2021-11-06,8.05
2021-11-07,5.38
2021-11-08,4.49
2021-11-09,5.86
2021-11-10,6.78
2021-11-11,0.85
2021-11-12,4.99
2021-11-13,0.39
2021-11-14,0.89
2021-11-15,4.9
2021-11-16,2.07
2021-11-17,7.28
2021-11-18,0.52
2021-11-19,5.05
2021-11-20,0.51
2021-11-21,3.69
2021-11-22,5.07
2021-11-23,13.02
2021-11-24,5.14
2021-11-25,0.14
2021-11-26,0.61
2021-11-27,1.3
2021-11-28,1.81
2021-11-29,3.69
2021-11-30,6.74
2021-12-01,0.86
2021-12-02,1.44
2021-12-03,2.56
2021-12-04,1.16
2021-12-05,7.6
2021-12-06,0.93
2021-12-07,7.25
2021-12-08,7.19
2021-12-09,5.04
2021-12-10,2.05
2021-12-11,1.07
2021-12-12,2.65
2021-12-13,4.28
2021-12-14,2.3
2021-12-15,11.02
2021-12-16,3.1
2021-12-17,1.53
2021-12-18,0.65
2021-12-19,0.18
2021-12-20,2.56
2021-12-21,2.12
2021-12-22,8.69
2021-12-23,7.21
2021-12-24,2.84
2021-12-25,4.45
2021-12-26,6.67
2021-12-27,3.23
2021-12-28,3.85
2021-12-29,1.31
2021-12-30,1.62
2021-12-31,3.28
2022-01-01,0.95
2022-01-02,9.44
2022-01-03,4.56
2022-01-04,6.86
2022-01-05,6.96
2022-01-06,6.65
2022-01-07,0.82
2022-01-08,1.66
2022-01-09,2.13
2022-01-10,1.0
2022-01-11,0.51
2022-01-12,4.87
2022-01-13,5.02
2022-01-14,0.62
2022-01-15,1.01
2022-01-16,3.85
2022-01-17,0.92
2022-01-18,7.43
2022-01-19,2.91
2022-01-20,7.73
2022-01-21,11.45
2022-01-22,5.47
2022-01-23,1.6
2022-01-24,2.4
2022-01-25,3.74
2022-01-26,1.94
2022-01-27,4.23
2022-01-28,3.39
2022-01-29,4.58
2022-01-30,3.57
2022-01-31,1.69
2022-02-01,4.61
2022-02-02,4.76
2022-02-03,3.28
2022-02-04,3.35
2022-02-05,2.47
2022-02-06,6.48
2022-02-07,3.13
2022-02-08,6.66
2022-02-09,2.47
2022-02-10,0.64
2022-02-11,6.41
2022-02-12,0.97
2022-02-13,2.52
2022-02-14,1.7
2022-02-15,4.6
2022-02-16,0.24
2022-02-17,3.49
2022-02-18,2.58
2022-02-19,3.91
2022-02-20,5.08
2022-02-21,3.0
2022-02-22,1.66
2022-02-23,5.51
2022-02-24,0.1
2022-02-25,10.02
2022-02-26,2.24
2022-02-27,5.29
2022-02-28,5.28
2022-03-01,2.25
2022-03-02,1.24
2022-03-03,0.62
2022-03-04,8.9
2022-03-05,7.98
2022-03-06,7.28
2022-03-07,0.37
2022-03-08,7.9
2022-03-09,5.29
2022-03-10,0.31
2022-03-11,1.58
2022-03-12,3.9
2022-03-13,0.75
2022-03-14,3.89
2022-03-15,3.22
2022-03-16,5.4
2022-03-17,0.04
2022-03-18,0.62
2022-03-19,2.65
2022-03-20,2.7
2022-03-21,9.06
2022-03-22,1.93
2022-03-23,2.38
2022-03-24,0.27
2022-03-25,3.81
2022-03-26,3.47
2022-03-27,4.83
2022-03-28,6.08
2022-03-29,5.98
2022-03-30,3.19
2022-03-31,2.47
2022-04-01,2.66
2022-04-02,2.0
2022-04-03,3.63
2022-04-04,2.04
2022-04-05,0.8
2022-04-06,1.09
2022-04-07,0.33
2022-04-08,4.24
2022-04-09,5.09
2022-04-10,1.81
2022-04-11,2.22
2022-04-12,4.53
2022-04-13,7.47
2022-04-14,3.32
2022-04-15,1.07
2022-04-16,3.82
2022-04-17,4.09
2022-04-18,2.5
2022-04-19,3.82
2022-04-20,0.13
2022-04-21,1.02
2022-04-22,2.6
2022-04-23,4.12
2022-04-24,2.48
2022-04-25,4.21
2022-04-26,4.5
2022-04-27,1.68
2022-04-28,4.57
2022-04-29,6.17
2022-04-30,0.46
2022-05-01,0.64
2022-05-02,2.36
2022-05-03,8.31
2022-05-04,2.04
2022-05-05,0.03
2022-05-06,3.2
2022-05-07,4.21
2022-05-08,0.47
2022-05-09,7.12
2022-05-10,2.16
2022-05-11,3.21
2022-05-12,0.26
2022-05-13,4.86
2022-05-14,9.8
2022-05-15,5.45
2022-05-16,4.48
2022-05-17,6.4
2022-05-18,0.63
2022-05-19,4.7
2022-05-20,0.62
2022-05-21,4.37
2022-05-22,1.24
2022-05-23,1.11
2022-05-24,3.98
2022-05-25,0.51
2022-05-26,6.85
2022-05-27,2.14
2022-05-28,0.31
2022-05-29,8.97
2022-05-30,6.37
2022-05-31,0.79
2022-06-01,19.15
2022-06-02,34.31
2022-06-03,30.1
2022-06-04,17.38
2022-06-05,15.98
2022-06-06,16.43
2022-06-07,2.93
2022-06-08,29.22
2022-06-09,35.74
2022-06-10,4.94
2022-06-11,41.14
2022-06-12,27.51
2022-06-13,34.35
2022-06-14,3.19
2022-06-15,30.88
2022-06-16,22.72
2022-06-17,10.5
2022-06-18,2.07
2022-06-19,19.54
2022-06-20,37.64
2022-06-21,9.05
2022-06-22,29.39
2022-06-23,32.13
2022-06-24,30.29
2022-06-25,1.85
2022-06-26,4.14
2022-06-27,23.57
2022-06-28,35.99
2022-06-29,11.37
2022-06-30,6.76
2022-07-01,16.49
2022-07-02,21.15
2022-07-03,45.42
2022-07-04,13.21
2022-07-05,18.61
2022-07-06,24.89
2022-07-07,14.19
2022-07-08,30.64
2022-07-09,24.02
2022-07-10,14.31
2022-07-11,17.1
2022-07-12,35.24
2022-07-13,12.9
2022-07-14,4.13
2022-07-15,10.92
2022-07-16,31.84
2022-07-17,1.45
2022-07-18,2.16
2022-07-19,29.37
2022-07-20,0.96
2022-07-21,28.57
2022-07-22,18.9
2022-07-23,44.87
2022-07-24,30.9
2022-07-25,24.87
2022-07-26,0.43
2022-07-27,13.11
2022-07-28,43.67
2022-07-29,10.0
2022-07-30,30.64
2022-07-31,8.8
2022-08-01,4.77
2022-08-02,7.11
2022-08-03,27.15
2022-08-04,1.94
2022-08-05,15.37
2022-08-06,13.99
2022-08-07,22.78
2022-08-08,20.02
2022-08-09,35.54
2022-08-10,26.2
2022-08-11,16.61
2022-08-12,9.24
2022-08-13,23.88
2022-08-14,25.73
2022-08-15,25.8
2022-08-16,10.63
2022-08-17,10.71
2022-08-18,45.84
2022-08-19,19.59
2022-08-20,40.88
2022-08-21,1.5
2022-08-22,38.58
2022-08-23,47.78
2022-08-24,27.31
2022-08-25,40.57
2022-08-26,54.91
2022-08-27,6.21
2022-08-28,15.1
2022-08-29,46.89
2022-08-30,32.12
2022-08-31,55.03
2022-09-01,27.38
2022-09-02,10.88
2022-09-03,11.84
2022-09-04,33.89
2022-09-05,28.28
2022-09-06,24.34
2022-09-07,16.96
2022-09-08,12.59
2022-09-09,11.23
2022-09-10,14.63
2022-09-11,10.62
2022-09-12,6.98
2022-09-13,42.99
2022-09-14,28.2
2022-09-15,23.3
2022-09-16,14.97
2022-09-17,19.68
2022-09-18,28.01
2022-09-19,2.12
2022-09-20,15.85
2022-09-21,42.06
2022-09-22,75.86
2022-09-23,7.33
2022-09-24,16.45
2022-09-25,22.07
2022-09-26,18.12
2022-09-27,28.31
2022-09-28,13.92
2022-09-29,15.38
2022-09-30,45.09
2022-10-01,1.03
2022-10-02,1.45
2022-10-03,2.86
2022-10-04,4.9
2022-10-05,8.41
2022-10-06,0.08
2022-10-07,2.53
2022-10-08,4.83
2022-10-09,1.8
2022-10-10,3.39
2022-10-11,4.1
2022-10-12,5.59
2022-10-13,0.51
2022-10-14,1.79
2022-10-15,10.93
2022-10-16,2.47
2022-10-17,3.08
2022-10-18,1.95
2022-10-19,3.26
2022-10-20,4.04
2022-10-21,2.15
2022-10-22,2.3
2022-10-23,6.56
2022-10-24,6.9
2022-10-25,0.62
2022-10-26,6.49
2022-10-27,4.6
2022-10-28,1.7
2022-10-29,4.45
2022-10-30,1.26
2022-10-31,3.86
2022-11-01,0.26
2022-11-02,5.22
2022-11-03,1.72
2022-11-04,4.1
2022-11-05,0.66
2022-11-06,1.8
2022-11-07,4.89
2022-11-08,2.38
2022-11-09,1.58
2022-11-10,6.63
2022-11-11,1.15
2022-11-12,1.79
2022-11-13,3.96
2022-11-14,2.02
2022-11-15,1.65
2022-11-16,7.47
2022-11-17,3.47
2022-11-18,10.62
2022-11-19,1.52
2022-11-20,2.98
2022-11-21,3.14
2022-11-22,9.64
2022-11-23,0.61
2022-11-24,6.69
2022-11-25,1.98
2022-11-26,7.63
2022-11-27,3.12
2022-11-28,2.52
2022-11-29,0.41
2022-11-30,2.7
2022-12-01,6.42
2022-12-02,5.74
2022-12-03,1.1
2022-12-04,0.01
2022-12-05,9.22
2022-12-06,0.4
2022-12-07,6.15
2022-12-08,1.72
2022-12-09,0.04
2022-12-10,3.78
2022-12-11,2.93
2022-12-12,2.69
2022-12-13,3.7
2022-12-14,6.66
2022-12-15,3.64
2022-12-16,2.5
2022-12-17,0.29
2022-12-18,6.21
2022-12-19,2.58
2022-12-20,2.91
2022-12-21,7.73
2022-12-22,6.91
2022-12-23,5.98
2022-12-24,1.98
2022-12-25,1.6
2022-12-26,4.5
2022-12-27,4.41
2022-12-28,2.52
2022-12-29,2.82
2022-12-30,1.68
2022-12-31,8.23
2023-01-01,1.65
2023-01-02,3.33
2023-01-03,0.95
2023-01-04,0.5
2023-01-05,0.62
2023-01-06,12.18
2023-01-07,1.78
2023-01-08,5.6
2023-01-09,0.71
2023-01-10,8.05
2023-01-11,1.04
2023-01-12,6.85
2023-01-13,0.55
2023-01-14,2.95
2023-01-15,1.1
2023-01-16,5.28
2023-01-17,0.43
2023-01-18,6.47
2023-01-19,1.48
2023-01-20,6.42
2023-01-21,0.04
2023-01-22,3.33
2023-01-23,0.05
2023-01-24,1.99
2023-01-25,3.84
2023-01-26,5.13
2023-01-27,4.94
2023-01-28,4.97
2023-01-29,3.17
2023-01-30,0.61
2023-01-31,4.6
2023-02-01,3.13
2023-02-02,7.26
2023-02-03,4.05
2023-02-04,0.02
2023-02-05,1.9
2023-02-06,6.36
2023-02-07,10.28
2023-02-08,1.8
2023-02-09,4.01
2023-02-10,2.76
2023-02-11,9.91
2023-02-12,2.87
2023-02-13,5.96
2023-02-14,0.29
2023-02-15,4.6
2023-02-16,1.71
2023-02-17,0.53
2023-02-18,14.3
2023-02-19,0.88
2023-02-20,4.57
2023-02-21,1.02
2023-02-22,6.79
2023-02-23,2.87
2023-02-24,3.37
2023-02-25,3.27
2023-02-26,2.79
2023-02-27,2.01
2023-02-28,6.09
2023-03-01,0.91
2023-03-02,2.13
2023-03-03,3.44
2023-03-04,3.06
2023-03-05,13.41
2023-03-06,4.72
2023-03-07,1.1
2023-03-08,5.36
2023-03-09,9.31
2023-03-10,3.29
2023-03-11,0.83
2023-03-12,2.28
2023-03-13,4.82
2023-03-14,1.23
2023-03-15,4.25
2023-03-16,1.96
2023-03-17,7.59
2023-03-18,0.25
2023-03-19,1.58
2023-03-20,5.81
2023-03-21,4.35
2023-03-22,1.32
2023-03-23,2.57
2023-03-24,2.29
2023-03-25,7.23
2023-03-26,6.94
2023-03-27,1.94
2023-03-28,0.45
2023-03-29,1.49
2023-03-30,2.87
2023-03-31,6.91
2023-04-01,9.36
2023-04-02,5.93
2023-04-03,6.7
2023-04-04,4.21
2023-04-05,3.03
2023-04-06,6.79
2023-04-07,1.85
2023-04-08,4.12
2023-04-09,1.51
2023-04-10,6.49
2023-04-11,0.92
2023-04-12,1.98
2023-04-13,2.93
2023-04-14,2.35
2023-04-15,1.83
2023-04-16,9.93
2023-04-17,5.59
2023-04-18,0.63
2023-04-19,3.49
2023-04-20,0.55
2023-04-21,3.33
2023-04-22,3.81
2023-04-23,2.93
2023-04-24,3.59
2023-04-25,1.32
2023-04-26,6.39
2023-04-27,2.6
2023-04-28,1.59
2023-04-29,4.94
2023-04-30,4.18
2023-05-01,4.46
2023-05-02,2.17
2023-05-03,2.69
2023-05-04,1.52
2023-05-05,0.77
2023-05-06,5.79
2023-05-07,0.56
2023-05-08,0.19
2023-05-09,1.29
2023-05-10,3.96
2023-05-11,7.39
2023-05-12,6.47
2023-05-13,1.8
2023-05-14,0.5
2023-05-15,7.57
2023-05-16,1.81
2023-05-17,5.71
2023-05-18,2.35
2023-05-19,0.4
2023-05-20,2.49
2023-05-21,2.07
2023-05-22,4.29
2023-05-23,0.2
2023-05-24,4.55
2023-05-25,3.63
2023-05-26,2.59
2023-05-27,4.52
2023-05-28,0.52
2023-05-29,7.66
2023-05-30,6.16
2023-05-31,0.39
2023-06-01,0.51
2023-06-02,23.06
2023-06-03,15.63
2023-06-04,2.06
2023-06-05,18.54
2023-06-06,15.42
2023-06-07,16.04
2023-06-08,9.4
2023-06-09,6.6
2023-06-10,12.32
2023-06-11,24.56
2023-06-12,6.4
2023-06-13,9.61
2023-06-14,5.06
2023-06-15,27.09
2023-06-16,16.28
2023-06-17,1.92
2023-06-18,20.03
2023-06-19,2.71
2023-06-20,2.85
2023-06-21,10.58
2023-06-22,5.0
2023-06-23,15.63
2023-06-24,36.19
2023-06-25,17.04
2023-06-26,22.72
2023-06-27,45.71
2023-06-28,18.32
2023-06-29,4.76
2023-06-30,5.89
2023-07-01,31.38
2023-07-02,7.18
2023-07-03,38.04
2023-07-04,24.23
2023-07-05,41.11
2023-07-06,59.29
2023-07-07,40.55
2023-07-08,24.81
2023-07-09,15.5
2023-07-10,13.14
2023-07-11,18.51
2023-07-12,17.55
2023-07-13,10.79
2023-07-14,32.37
2023-07-15,19.39
2023-07-16,10.63
2023-07-17,2.29
2023-07-18,45.55
2023-07-19,0.94
2023-07-20,27.99
2023-07-21,13.31
2023-07-22,4.23
2023-07-23,2.41
2023-07-24,8.27
2023-07-25,29.35
2023-07-26,1.6
2023-07-27,36.17
2023-07-28,13.43
2023-07-29,42.33
2023-07-30,35.9
2023-07-31,1.82
2023-08-01,35.61
2023-08-02,5.42
2023-08-03,2.23
2023-08-04,19.4
2023-08-05,30.86
2023-08-06,11.88
2023-08-07,14.63
2023-08-08,26.73
2023-08-09,11.25
2023-08-10,2.96
2023-08-11,22.55
2023-08-12,12.1
2023-08-13,31.7
2023-08-14,63.12
2023-08-15,38.19
2023-08-16,8.32
2023-08-17,2.53
2023-08-18,7.68
2023-08-19,17.9
2023-08-20,23.88
2023-08-21,18.65
2023-08-22,26.59
2023-08-23,24.98
2023-08-24,11.06
2023-08-25,18.85
2023-08-26,51.7
2023-08-27,33.65
2023-08-28,5.39
2023-08-29,23.32
2023-08-30,12.34
2023-08-31,36.25
2023-09-01,17.24
2023-09-02,6.34
2023-09-03,11.86
2023-09-04,8.7
2023-09-05,16.38
2023-09-06,12.75
2023-09-07,7.0
2023-09-08,43.83
2023-09-09,4.03
2023-09-10,6.94
2023-09-11,12.57
2023-09-12,5.67
2023-09-13,0.26
2023-09-14,7.83
2023-09-15,38.14
2023-09-16,18.8
2023-09-17,19.25
2023-09-18,4.54
2023-09-19,42.3
2023-09-20,2.39
2023-09-21,19.56
2023-09-22,31.33
2023-09-23,31.12
2023-09-24,30.22
2023-09-25,36.77
2023-09-26,10.7
2023-09-27,0.47
2023-09-28,39.54
2023-09-29,16.46
2023-09-30,8.26
2023-10-01,7.35
2023-10-02,0.76
2023-10-03,1.94
2023-10-04,5.59
2023-10-05,6.76
2023-10-06,3.62
2023-10-07,1.73
2023-10-08,2.52
2023-10-09,0.8
2023-10-10,0.13
2023-10-11,2.9
2023-10-12,4.79
2023-10-13,2.81
2023-10-14,0.65
2023-10-15,9.63
2023-10-16,5.31
2023-10-17,0.22
2023-10-18,2.75
2023-10-19,1.43
2023-10-20,3.62
2023-10-21,0.39
2023-10-22,11.98
2023-10-23,1.61
2023-10-24,1.79
2023-10-25,6.87
2023-10-26,6.85
2023-10-27,1.15
2023-10-28,5.12
2023-10-29,1.14
2023-10-30,4.46
2023-10-31,9.36
2023-11-01,2.67
2023-11-02,4.53
2023-11-03,1.13
2023-11-04,5.59
2023-11-05,4.11
2023-11-06,3.79
2023-11-07,4.01
2023-11-08,3.15
2023-11-09,4.39
2023-11-10,4.64
2023-11-11,2.17
2023-11-12,4.55
2023-11-13,3.68
2023-11-14,9.13
2023-11-15,7.17
2023-11-16,1.08
2023-11-17,4.37
2023-11-18,8.38
2023-11-19,2.41
2023-11-20,6.38
2023-11-21,0.86
2023-11-22,7.96
2023-11-23,4.5
2023-11-24,7.73
2023-11-25,0.18
2023-11-26,1.43
2023-11-27,5.83
2023-11-28,1.76
2023-11-29,8.04
2023-11-30,7.49
2023-12-01,3.22
2023-12-02,1.65
2023-12-03,1.47
2023-12-04,1.18
2023-12-05,2.93
2023-12-06,3.72
2023-12-07,0.03
2023-12-08,0.6
2023-12-09,3.43
2023-12-10,8.61
2023-12-11,0.32
2023-12-12,0.0
2023-12-13,3.94
2023-12-14,0.15
2023-12-15,3.7
2023-12-16,4.26
2023-12-17,2.55
2023-12-18,0.33
2023-12-19,6.03
2023-12-20,0.18
2023-12-21,12.99
2023-12-22,1.46
2023-12-23,1.31
2023-12-24,4.15
2023-12-25,2.57
2023-12-26,1.22
2023-12-27,4.78
2023-12-28,3.15
2023-12-29,0.58
2023-12-30,6.28
2023-12-31,4.95
2024-01-01,4.84
2024-01-02,1.11
2024-01-03,10.26
2024-01-04,1.84
2024-01-05,3.26
2024-01-06,3.31
2024-01-07,9.2
2024-01-08,6.34
2024-01-09,1.26
2024-01-10,6.16
2024-01-11,1.68
2024-01-12,1.09
2024-01-13,0.64
2024-01-14,1.87
2024-01-15,3.45
2024-01-16,5.53
2024-01-17,0.74
2024-01-18,2.41
2024-01-19,2.14
2024-01-20,0.95
2024-01-21,4.15
2024-01-22,5.51
2024-01-23,3.76
2024-01-24,6.64
2024-01-25,8.37
2024-01-26,2.68
2024-01-27,4.22
2024-01-28,0.39
2024-01-29,6.03
2024-01-30,8.63
2024-01-31,6.13
2024-02-01,5.86
2024-02-02,4.05
2024-02-03,2.27
2024-02-04,1.57
2024-02-05,1.89
2024-02-06,5.58
2024-02-07,11.08
2024-02-08,0.26
2024-02-09,3.98
2024-02-10,0.96
2024-02-11,1.26
2024-02-12,6.59
2024-02-13,0.84
2024-02-14,4.04
2024-02-15,7.59
2024-02-16,2.27
2024-02-17,3.82
2024-02-18,5.97
2024-02-19,4.17
2024-02-20,4.57
2024-02-21,0.8
2024-02-22,4.33
2024-02-23,0.46
2024-02-24,1.51
2024-02-25,0.77
2024-02-26,5.72
2024-02-27,4.97
2024-02-28,2.16
2024-02-29,4.01
2024-03-01,2.17
2024-03-02,4.61
2024-03-03,4.65
2024-03-04,1.41
2024-03-05,1.68
2024-03-06,2.91
2024-03-07,3.23
2024-03-08,1.76
2024-03-09,2.71
2024-03-10,0.56
2024-03-11,6.23
2024-03-12,8.12
2024-03-13,6.4
2024-03-14,3.07
2024-03-15,2.88
2024-03-16,0.97
2024-03-17,5.87
2024-03-18,9.59
2024-03-19,4.39
2024-03-20,2.31
2024-03-21,3.48
2024-03-22,1.91
2024-03-23,4.06
2024-03-24,1.53
2024-03-25,0.6
2024-03-26,3.19
2024-03-27,0.04
2024-03-28,2.63
2024-03-29,3.18
2024-03-30,3.02
2024-03-31,5.07
2024-04-01,8.41
2024-04-02,5.17
2024-04-03,4.1
2024-04-04,5.04
2024-04-05,3.96
2024-04-06,2.11
2024-04-07,11.6
2024-04-08,1.46
2024-04-09,0.88
2024-04-10,2.24
2024-04-11,2.41
2024-04-12,6.25
2024-04-13,7.36
2024-04-14,5.23
2024-04-15,1.37
2024-04-16,9.44
2024-04-17,2.67
2024-04-18,7.8
2024-04-19,4.97
2024-04-20,0.08
2024-04-21,0.72
2024-04-22,0.19
2024-04-23,0.6
2024-04-24,6.99
2024-04-25,3.02
2024-04-26,4.25
2024-04-27,0.48
2024-04-28,0.65
2024-04-29,1.7
2024-04-30,7.62
2024-05-01,0.89
2024-05-02,6.33
2024-05-03,0.95
2024-05-04,2.69
2024-05-05,2.28
2024-05-06,4.99
2024-05-07,6.0
2024-05-08,0.62
2024-05-09,4.07
2024-05-10,3.94
2024-05-11,0.92
2024-05-12,8.23
2024-05-13,0.45
2024-05-14,1.34
2024-05-15,0.01
2024-05-16,10.94
2024-05-17,6.62
2024-05-18,5.94
2024-05-19,5.48
2024-05-20,5.42
2024-05-21,7.19
2024-05-22,8.32
2024-05-23,0.88
2024-05-24,0.25
2024-05-25,2.88
2024-05-26,3.66
2024-05-27,3.46
2024-05-28,4.74
2024-05-29,5.26
2024-05-30,3.83
2024-05-31,0.49
2024-06-01,29.18
2024-06-02,17.14
2024-06-03,23.59
2024-06-04,18.45
2024-06-05,12.78
2024-06-06,10.93
2024-06-07,37.51
2024-06-08,9.41
2024-06-09,2.0
2024-06-10,16.23
2024-06-11,28.75
2024-06-12,26.53
2024-06-13,26.1
2024-06-14,19.92
2024-06-15,0.19
2024-06-16,2.3
2024-06-17,20.54
2024-06-18,15.52
2024-06-19,25.13
2024-06-20,23.45
2024-06-21,26.2
2024-06-22,33.76
2024-06-23,25.27
2024-06-24,28.07
2024-06-25,33.04
2024-06-26,1.77
2024-06-27,6.28
2024-06-28,24.4
2024-06-29,14.96
2024-06-30,18.03
2024-07-01,25.78
2024-07-02,27.2
2024-07-03,37.74
2024-07-04,28.62
2024-07-05,10.03
2024-07-06,1.52
2024-07-07,41.49
2024-07-08,14.76
2024-07-09,30.84
2024-07-10,45.59
2024-07-11,1.98
2024-07-12,34.06
2024-07-13,20.6
2024-07-14,5.89
2024-07-15,57.55
2024-07-16,18.68
2024-07-17,15.38
2024-07-18,24.47
2024-07-19,22.92
2024-07-20,35.93
2024-07-21,18.64
2024-07-22,25.39
2024-07-23,7.25
2024-07-24,1.65
2024-07-25,23.93
2024-07-26,16.85
2024-07-27,28.72
2024-07-28,36.0
2024-07-29,10.13
2024-07-30,19.42
2024-07-31,24.37
2024-08-01,40.37
2024-08-02,41.09
2024-08-03,1.53
2024-08-04,33.79
2024-08-05,27.46
2024-08-06,30.64
2024-08-07,16.25
2024-08-08,28.57
2024-08-09,26.39
2024-08-10,32.24
2024-08-11,18.31
2024-08-12,16.21
2024-08-13,7.37
2024-08-14,24.21
2024-08-15,32.39
2024-08-16,15.1
2024-08-17,9.42
2024-08-18,11.5
2024-08-19,8.88
2024-08-20,29.19
2024-08-21,28.43
2024-08-22,8.44
2024-08-23,2.3
2024-08-24,8.04
2024-08-25,22.49
2024-08-26,32.53
2024-08-27,11.84
2024-08-28,42.49
2024-08-29,8.94
2024-08-30,23.6
2024-08-31,8.27
2024-09-01,0.44
2024-09-02,25.44
2024-09-03,8.71
2024-09-04,13.1
2024-09-05,4.83
2024-09-06,5.57
2024-09-07,1.38
2024-09-08,20.65
2024-09-09,44.44
2024-09-10,29.26
2024-09-11,13.74
2024-09-12,8.47
2024-09-13,10.03
2024-09-14,14.11
2024-09-15,21.69
2024-09-16,32.31
2024-09-17,44.07
2024-09-18,37.92
2024-09-19,21.6
2024-09-20,14.65
2024-09-21,26.46
2024-09-22,19.26
2024-09-23,8.18
2024-09-24,9.14
2024-09-25,19.27
2024-09-26,25.86
2024-09-27,23.09
2024-09-28,29.33
2024-09-29,20.21
2024-09-30,10.07
2024-10-01,5.73
2024-10-02,4.6
2024-10-03,1.3
2024-10-04,0.26
2024-10-05,4.59
2024-10-06,5.71
2024-10-07,6.71
2024-10-08,1.52
2024-10-09,7.0
2024-10-10,3.79
2024-10-11,2.05
2024-10-12,9.52
2024-10-13,0.49
2024-10-14,0.36
2024-10-15,1.8
2024-10-16,2.26
2024-10-17,8.69
2024-10-18,6.01
2024-10-19,3.89
2024-10-20,5.77
2024-10-21,8.06
2024-10-22,5.6
2024-10-23,3.56
2024-10-24,8.93
2024-10-25,5.1
2024-10-26,4.51
2024-10-27,0.45
2024-10-28,0.06
2024-10-29,2.26
2024-10-30,11.75
2024-10-31,1.53
2024-11-01,1.64
2024-11-02,4.67
2024-11-03,4.83
2024-11-04,3.78
2024-11-05,6.79
2024-11-06,6.15
2024-11-07,6.01
2024-11-08,2.42
2024-11-09,5.9
2024-11-10,6.86
2024-11-11,3.52
2024-11-12,4.72
2024-11-13,3.51
2024-11-14,0.69
2024-11-15,7.89
2024-11-16,5.2
2024-11-17,3.95
2024-11-18,6.51
2024-11-19,0.49
2024-11-20,2.46
2024-11-21,2.73
2024-11-22,2.73
2024-11-23,8.44
2024-11-24,10.42
2024-11-25,3.61
2024-11-26,0.19
2024-11-27,4.2
2024-11-28,2.44
2024-11-29,10.32
2024-11-30,7.04
2024-12-01,2.21
2024-12-02,0.42
2024-12-03,5.33
2024-12-04,9.05
2024-12-05,3.58
2024-12-06,7.83
2024-12-07,5.36
2024-12-08,6.53
2024-12-09,1.87
2024-12-10,1.99
2024-12-11,4.26
2024-12-12,1.36
2024-12-13,2.93
2024-12-14,13.75
2024-12-15,3.29
2024-12-16,4.05
2024-12-17,0.37
2024-12-18,3.97
2024-12-19,1.34
2024-12-20,0.86
2024-12-21,3.57
2024-12-22,1.31
2024-12-23,0.67
2024-12-24,4.48
2024-12-25,3.74
2024-12-26,3.53
2024-12-27,4.84
2024-12-28,4.28
2024-12-29,5.53
2024-12-30,0.19
2024-12-31,4.62
2025-01-01,1.52
2025-01-02,1.1
2025-01-03,2.05
2025-01-04,8.87
2025-01-05,10.12
2025-01-06,9.87
2025-01-07,1.89
2025-01-08,1.21
2025-01-09,5.25
2025-01-10,2.21
2025-01-11,1.07
2025-01-12,0.75
2025-01-13,4.07
2025-01-14,7.03
2025-01-15,3.33
2025-01-16,3.97
2025-01-17,2.46
2025-01-18,4.56
2025-01-19,4.09
2025-01-20,9.23
2025-01-21,2.6
2025-01-22,5.5
2025-01-23,1.57
2025-01-24,0.81
2025-01-25,1.66
2025-01-26,4.82
2025-01-27,9.22
2025-01-28,3.14
2025-01-29,0.51
2025-01-30,0.16
2025-01-31,2.86
2025-02-01,0.68
2025-02-02,1.97
2025-02-03,5.96
2025-02-04,0.06
2025-02-05,6.63
2025-02-06,9.52
2025-02-07,4.83
2025-02-08,0.93
2025-02-09,4.46
2025-02-10,9.24
2025-02-11,5.43
2025-02-12,0.42
2025-02-13,3.44
2025-02-14,3.2
2025-02-15,2.15
2025-02-16,1.95
2025-02-17,6.06
2025-02-18,4.65
2025-02-19,4.59
2025-02-20,3.08
2025-02-21,7.18
2025-02-22,4.94
2025-02-23,3.83
2025-02-24,1.58
2025-02-25,5.61
2025-02-26,0.36
2025-02-27,2.43
2025-02-28,0.17
2025-03-01,3.22
2025-03-02,4.19
2025-03-03,7.17
2025-03-04,1.05
2025-03-05,2.71
2025-03-06,4.24
2025-03-07,3.82
2025-03-08,0.44
2025-03-09,3.74
2025-03-10,6.35
2025-03-11,0.83
2025-03-12,2.85
2025-03-13,1.92
2025-03-14,5.54
2025-03-15,0.57
2025-03-16,10.73
2025-03-17,3.18
2025-03-18,2.85
2025-03-19,2.91
2025-03-20,3.69
2025-03-21,1.85
2025-03-22,3.26
2025-03-23,5.07
2025-03-24,3.11
2025-03-25,1.91
2025-03-26,4.71
2025-03-27,8.39
2025-03-28,3.8
2025-03-29,1.28
2025-03-30,3.85
2025-03-31,4.49
2025-04-01,5.02
2025-04-02,3.12
2025-04-03,0.22
2025-04-04,6.39
2025-04-05,2.94
2025-04-06,4.83
2025-04-07,2.44
2025-04-08,4.87
2025-04-09,2.27
2025-04-10,1.65
2025-04-11,5.8
2025-04-12,5.48
2025-04-13,5.23
2025-04-14,1.36
2025-04-15,1.96
2025-04-16,11.14
2025-04-17,1.35
2025-04-18,1.85
2025-04-19,1.16
2025-04-20,7.55
2025-04-21,3.16
2025-04-22,0.51
2025-04-23,6.64
2025-04-24,0.15
2025-04-25,3.37
2025-04-26,2.21
2025-04-27,5.83
2025-04-28,6.92
2025-04-29,9.48
2025-04-30,0.24
2025-05-01,10.21
2025-05-02,0.91
2025-05-03,4.21
2025-05-04,5.92
2025-05-05,4.01
2025-05-06,2.28
2025-05-07,5.04
2025-05-08,9.13
2025-05-09,3.1
2025-05-10,2.02
2025-05-11,2.27
2025-05-12,0.94
2025-05-13,0.1
2025-05-14,3.97
2025-05-15,6.62
2025-05-16,7.6
2025-05-17,0.07
2025-05-18,0.29
2025-05-19,3.14
2025-05-20,2.43
2025-05-21,6.0
2025-05-22,6.12
2025-05-23,0.78
2025-05-24,5.56
2025-05-25,4.94
2025-05-26,7.57
2025-05-27,2.99
2025-05-28,5.19
2025-05-29,11.35
2025-05-30,10.37
2025-05-31,3.67
2025-06-01,2.3
2025-06-02,7.52
2025-06-03,19.08
2025-06-04,36.93
2025-06-05,58.76
2025-06-06,6.98
2025-06-07,8.57
2025-06-08,41.55
2025-06-09,47.44
2025-06-10,27.05
2025-06-11,24.18
2025-06-12,36.35
2025-06-13,15.43
2025-06-14,16.71
2025-06-15,2.11
2025-06-16,0.62
2025-06-17,35.23
2025-06-18,26.86
2025-06-19,15.08
2025-06-20,25.65
2025-06-21,44.6
2025-06-22,36.27
2025-06-23,43.06
2025-06-24,49.35
2025-06-25,22.27
2025-06-26,2.56
2025-06-27,2.53
2025-06-28,1.0
2025-06-29,12.5
2025-06-30,1.68
2025-07-01,22.55
2025-07-02,27.24
2025-07-03,23.76
2025-07-04,33.04
2025-07-05,18.7
2025-07-06,28.2
2025-07-07,13.72
2025-07-08,28.35
2025-07-09,23.32
2025-07-10,4.75
2025-07-11,25.35
2025-07-12,23.21
2025-07-13,33.91
2025-07-14,21.31
2025-07-15,22.69
2025-07-16,32.4
2025-07-17,41.96
2025-07-18,0.32
2025-07-19,7.86
2025-07-20,10.57
2025-07-21,9.48
2025-07-22,3.52
2025-07-23,28.91
2025-07-24,10.92
2025-07-25,0.3
2025-07-26,0.72
2025-07-27,27.72
2025-07-28,10.6
2025-07-29,6.08
2025-07-30,19.44
2025-07-31,56.13
2025-08-01,51.39
2025-08-02,52.66
2025-08-03,6.61
2025-08-04,2.64
2025-08-05,23.26
2025-08-06,23.89
2025-08-07,1.16
2025-08-08,18.26
2025-08-09,21.22
2025-08-10,31.29
2025-08-11,17.0
2025-08-12,37.9
2025-08-13,23.04
2025-08-14,12.22
2025-08-15,23.75
2025-08-16,9.26
2025-08-17,8.86
2025-08-18,37.24
2025-08-19,34.45
2025-08-20,51.92
2025-08-21,35.67
2025-08-22,15.01
2025-08-23,42.94
2025-08-24,30.57
2025-08-25,57.54
2025-08-26,15.16
2025-08-27,21.52
2025-08-28,2.92
2025-08-29,12.29
2025-08-30,15.38
2025-08-31,10.1
2025-09-01,30.0
2025-09-02,11.61
2025-09-03,23.2
2025-09-04,6.9
2025-09-05,22.81
2025-09-06,8.08
2025-09-07,20.05
2025-09-08,11.32
2025-09-09,14.79
2025-09-10,9.94
2025-09-11,19.6
2025-09-12,1.15
2025-09-13,19.85
2025-09-14,22.31
2025-09-15,25.79
2025-09-16,34.76
2025-09-17,17.53
2025-09-18,29.52
2025-09-19,11.79
2025-09-20,19.85
2025-09-21,32.0
2025-09-22,19.47
2025-09-23,6.26
2025-09-24,9.42
2025-09-25,0.3
2025-09-26,33.29
2025-09-27,10.29
2025-09-28,34.57
2025-09-29,19.51
2025-09-30,14.17
2025-10-01,0.52
2025-10-02,3.31
2025-10-03,3.23
2025-10-04,5.61
2025-10-05,0.99
2025-10-06,2.1
2025-10-07,7.59
2025-10-08,5.53
2025-10-09,3.1
2025-10-10,2.55
2025-10-11,3.32
2025-10-12,1.48
2025-10-13,4.11
2025-10-14,0.08
2025-10-15,2.28
2025-10-16,4.44
2025-10-17,0.14
2025-10-18,4.52
2025-10-19,5.13
2025-10-20,2.53
2025-10-21,4.53
2025-10-22,3.03
2025-10-23,1.63
2025-10-24,2.78
2025-10-25,4.11
2025-10-26,3.0
2025-10-27,2.8
2025-10-28,1.65
2025-10-29,0.28
2025-10-30,6.08
2025-10-31,1.34
2025-11-01,13.03
2025-11-02,0.96
2025-11-03,1.69
2025-11-04,4.78
2025-11-05,2.18
2025-11-06,4.71
2025-11-07,5.27
2025-11-08,4.18
2025-11-09,0.94
2025-11-10,0.11
2025-11-11,3.55
2025-11-12,6.87
2025-11-13,1.22
2025-11-14,0.1
2025-11-15,3.43
2025-11-16,7.36
2025-11-17,6.8
2025-11-18,0.85
2025-11-19,9.13
2025-11-20,0.97
2025-11-21,2.74
2025-11-22,2.37
2025-11-23,5.56
2025-11-24,2.45
2025-11-25,4.23
2025-11-26,0.66
2025-11-27,2.19
2025-11-28,11.2
2025-11-29,1.79
2025-11-30,5.57
2025-12-01,0.4
2025-12-02,1.2
2025-12-03,1.37
2025-12-04,2.67
2025-12-05,4.06
2025-12-06,4.79
2025-12-07,2.49
2025-12-08,7.71
2025-12-09,0.75
2025-12-10,3.34
2025-12-11,2.2
2025-12-12,2.36
2025-12-13,1.09
2025-12-14,11.18
2025-12-15,13.3
2025-12-16,1.76
2025-12-17,5.63
2025-12-18,0.81
2025-12-19,0.4
2025-12-20,1.89
2025-12-21,7.47
2025-12-22,0.41
2025-12-23,9.21
2025-12-24,0.37
2025-12-25,5.94
2025-12-26,4.67
2025-12-27,2.56
2025-12-28,2.44
2025-12-29,2.67
2025-12-30,3.34
2025-12-31,1.11
